date,index_name,total_returns_index
2016-03-11,NIFTY NEXT 50,23640.39
2016-03-14,NIFTY NEXT 50,23711.05
2016-03-15,NIFTY NEXT 50,23483.45
2016-03-16,NIFTY NEXT 50,23395.71
2016-03-17,NIFTY NEXT 50,23593.57
2016-03-18,NIFTY NEXT 50,23738.07
2016-03-21,NIFTY NEXT 50,24081.7
2016-03-22,NIFTY NEXT 50,24187.96
2016-03-23,NIFTY NEXT 50,24223.19
2016-03-28,NIFTY NEXT 50,23869.92
2016-03-29,NIFTY NEXT 50,23861.02
2016-03-30,NIFTY NEXT 50,24241.36
2016-03-31,NIFTY NEXT 50,24368.02
2016-04-01,NIFTY NEXT 50,24374.11
2016-04-04,NIFTY NEXT 50,24437.9
2016-04-05,NIFTY NEXT 50,24073.6
2016-04-06,NIFTY NEXT 50,24222.82
2016-04-07,NIFTY NEXT 50,24119.54
2016-04-08,NIFTY NEXT 50,24239.69
2016-04-11,NIFTY NEXT 50,24452.37
2016-04-12,NIFTY NEXT 50,24628.21
2016-04-13,NIFTY NEXT 50,24908.82
2016-04-18,NIFTY NEXT 50,25166.78
2016-04-20,NIFTY NEXT 50,25200.51
2016-04-21,NIFTY NEXT 50,25191.61
2016-04-22,NIFTY NEXT 50,25229.92
2016-04-25,NIFTY NEXT 50,25071.01
2016-04-26,NIFTY NEXT 50,25223.49
2016-04-27,NIFTY NEXT 50,25302.4
2016-04-28,NIFTY NEXT 50,25002.94
2016-04-29,NIFTY NEXT 50,25110.49
2016-05-02,NIFTY NEXT 50,25509.46
2016-05-03,NIFTY NEXT 50,25253.86
2016-05-04,NIFTY NEXT 50,24854.94
2016-05-05,NIFTY NEXT 50,24890.85
2016-05-06,NIFTY NEXT 50,25023.64
2016-05-09,NIFTY NEXT 50,25217.95
2016-05-10,NIFTY NEXT 50,25229.15
2016-05-11,NIFTY NEXT 50,25251.13
2016-05-12,NIFTY NEXT 50,25509.85
2016-05-13,NIFTY NEXT 50,25274.34
2016-05-16,NIFTY NEXT 50,25255.83
2016-05-17,NIFTY NEXT 50,25271.27
2016-05-18,NIFTY NEXT 50,25277.04
2016-05-19,NIFTY NEXT 50,24981.78
2016-05-20,NIFTY NEXT 50,24819.81
2016-05-23,NIFTY NEXT 50,24762.86
2016-05-24,NIFTY NEXT 50,24703.55
2016-05-25,NIFTY NEXT 50,24973.42
2016-05-26,NIFTY NEXT 50,25249.88
2016-05-27,NIFTY NEXT 50,25622.86
2016-05-30,NIFTY NEXT 50,25734.17
2016-05-31,NIFTY NEXT 50,25621.81
2016-06-01,NIFTY NEXT 50,25636.73
2016-06-02,NIFTY NEXT 50,25807.4
2016-06-03,NIFTY NEXT 50,25815.47
2016-06-06,NIFTY NEXT 50,25672.79
2016-06-07,NIFTY NEXT 50,25787.49
2016-06-08,NIFTY NEXT 50,25919.08
2016-06-09,NIFTY NEXT 50,25842.02
2016-06-10,NIFTY NEXT 50,25705.22
2016-06-13,NIFTY NEXT 50,25522.55
2016-06-14,NIFTY NEXT 50,25578.66
2016-06-15,NIFTY NEXT 50,25759.9
2016-06-16,NIFTY NEXT 50,25740.88
2016-06-17,NIFTY NEXT 50,25740.22
2016-06-20,NIFTY NEXT 50,25878.44
2016-06-21,NIFTY NEXT 50,25936.29
2016-06-22,NIFTY NEXT 50,25941.4
2016-06-23,NIFTY NEXT 50,25974.03
2016-06-24,NIFTY NEXT 50,25617.77
2016-06-27,NIFTY NEXT 50,25867.71
2016-06-28,NIFTY NEXT 50,26068.38
2016-06-29,NIFTY NEXT 50,26334.77
2016-06-30,NIFTY NEXT 50,26695.58
2016-07-01,NIFTY NEXT 50,27082.42
2016-07-04,NIFTY NEXT 50,27299.67
2016-07-05,NIFTY NEXT 50,27273.8
2016-07-07,NIFTY NEXT 50,27241.13
2016-07-08,NIFTY NEXT 50,27312.83
2016-07-11,NIFTY NEXT 50,27762.91
2016-07-12,NIFTY NEXT 50,27985.35
2016-07-13,NIFTY NEXT 50,27875.9
2016-07-14,NIFTY NEXT 50,27998.25
2016-07-15,NIFTY NEXT 50,28079.81
2016-07-18,NIFTY NEXT 50,27888.83
2016-07-19,NIFTY NEXT 50,27985.76
2016-07-20,NIFTY NEXT 50,28206.88
2016-07-21,NIFTY NEXT 50,28241.18
2016-07-22,NIFTY NEXT 50,28605.86
2016-07-25,NIFTY NEXT 50,28917.49
2016-07-26,NIFTY NEXT 50,28895.1
2016-07-27,NIFTY NEXT 50,29072.59
2016-07-28,NIFTY NEXT 50,29202.29
2016-07-29,NIFTY NEXT 50,29257.6
2016-08-01,NIFTY NEXT 50,29341.63
2016-08-02,NIFTY NEXT 50,29140.97
2016-08-03,NIFTY NEXT 50,28627.42
2016-08-04,NIFTY NEXT 50,28803.24
2016-08-05,NIFTY NEXT 50,29369.84
2016-08-08,NIFTY NEXT 50,29675.93
2016-08-09,NIFTY NEXT 50,29500.3
2016-08-10,NIFTY NEXT 50,29008.76
2016-08-11,NIFTY NEXT 50,29088.83
2016-08-12,NIFTY NEXT 50,29370.7
2016-08-16,NIFTY NEXT 50,29514.59
2016-08-17,NIFTY NEXT 50,29714.4
2016-08-18,NIFTY NEXT 50,29837.74
2016-08-19,NIFTY NEXT 50,29911.49
2016-08-22,NIFTY NEXT 50,29744.48
2016-08-23,NIFTY NEXT 50,29570.49
2016-08-24,NIFTY NEXT 50,29835.81
2016-08-25,NIFTY NEXT 50,29670.98
2016-08-26,NIFTY NEXT 50,29755.35
2016-08-29,NIFTY NEXT 50,29782.25
2016-08-30,NIFTY NEXT 50,29996.62
2016-08-31,NIFTY NEXT 50,30038.13
2016-09-01,NIFTY NEXT 50,29979.57
2016-09-02,NIFTY NEXT 50,30094.4
2016-09-06,NIFTY NEXT 50,30583.54
2016-09-07,NIFTY NEXT 50,30657.15
2016-09-08,NIFTY NEXT 50,30781.49
2016-09-09,NIFTY NEXT 50,30503.42
2016-09-12,NIFTY NEXT 50,29634.94
2016-09-14,NIFTY NEXT 50,29947.9
2016-09-15,NIFTY NEXT 50,29816.33
2016-09-16,NIFTY NEXT 50,29891.31
2016-09-19,NIFTY NEXT 50,29978.62
2016-09-20,NIFTY NEXT 50,29982.19
2016-09-21,NIFTY NEXT 50,29963.34
2016-09-22,NIFTY NEXT 50,30354.11
2016-09-23,NIFTY NEXT 50,30388.39
2016-09-26,NIFTY NEXT 50,30281.55
2016-09-27,NIFTY NEXT 50,30248.39
2016-09-28,NIFTY NEXT 50,30455.7
2016-09-29,NIFTY NEXT 50,29387.18
2016-09-30,NIFTY NEXT 50,29945.33
2016-10-03,NIFTY NEXT 50,30756.08
2016-10-04,NIFTY NEXT 50,30960.04
2016-10-05,NIFTY NEXT 50,31009.71
2016-10-06,NIFTY NEXT 50,30984.13
2016-10-07,NIFTY NEXT 50,30908.55
2016-10-10,NIFTY NEXT 50,30848.14
2016-10-13,NIFTY NEXT 50,30365.69
2016-10-14,NIFTY NEXT 50,30496.83
2016-10-17,NIFTY NEXT 50,30315.51
2016-10-18,NIFTY NEXT 50,30850.63
2016-10-19,NIFTY NEXT 50,30942.0
2016-10-20,NIFTY NEXT 50,30979.69
2016-10-21,NIFTY NEXT 50,31034.72
2016-10-24,NIFTY NEXT 50,30951.29
2016-10-25,NIFTY NEXT 50,30982.17
2016-10-26,NIFTY NEXT 50,30672.06
2016-10-27,NIFTY NEXT 50,30324.31
2016-10-28,NIFTY NEXT 50,30741.2
2016-10-30,NIFTY NEXT 50,30844.64
2016-11-01,NIFTY NEXT 50,30913.88
2016-11-02,NIFTY NEXT 50,30373.32
2016-11-03,NIFTY NEXT 50,29968.07
2016-11-04,NIFTY NEXT 50,29591.99
2016-11-07,NIFTY NEXT 50,29803.96
2016-11-08,NIFTY NEXT 50,29910.86
2016-11-09,NIFTY NEXT 50,29354.06
2016-11-10,NIFTY NEXT 50,29826.54
2016-11-11,NIFTY NEXT 50,28834.05
2016-11-15,NIFTY NEXT 50,27569.48
2016-11-16,NIFTY NEXT 50,27785.69
2016-11-17,NIFTY NEXT 50,27788.99
2016-11-18,NIFTY NEXT 50,27920.53
2016-11-21,NIFTY NEXT 50,27213.45
2016-11-22,NIFTY NEXT 50,27645.04
2016-11-23,NIFTY NEXT 50,28032.57
2016-11-24,NIFTY NEXT 50,28017.01
2016-11-25,NIFTY NEXT 50,28466.34
2016-11-28,NIFTY NEXT 50,28675.84
2016-11-29,NIFTY NEXT 50,28704.15
2016-11-30,NIFTY NEXT 50,29038.17
2016-12-01,NIFTY NEXT 50,28762.64
2016-12-02,NIFTY NEXT 50,28381.8
2016-12-05,NIFTY NEXT 50,28640.87
2016-12-06,NIFTY NEXT 50,28714.46
2016-12-07,NIFTY NEXT 50,28686.73
2016-12-08,NIFTY NEXT 50,29198.82
2016-12-09,NIFTY NEXT 50,29107.67
2016-12-12,NIFTY NEXT 50,28751.27
2016-12-13,NIFTY NEXT 50,28619.76
2016-12-14,NIFTY NEXT 50,28360.16
2016-12-15,NIFTY NEXT 50,28314.79
2016-12-16,NIFTY NEXT 50,28266.2
2016-12-19,NIFTY NEXT 50,28079.01
2016-12-20,NIFTY NEXT 50,27847.01
2016-12-21,NIFTY NEXT 50,27831.02
2016-12-22,NIFTY NEXT 50,27348.62
2016-12-23,NIFTY NEXT 50,27225.46
2016-12-26,NIFTY NEXT 50,26738.29
2016-12-27,NIFTY NEXT 50,27242.99
2016-12-28,NIFTY NEXT 50,27361.42
2016-12-29,NIFTY NEXT 50,27688.02
2016-12-30,NIFTY NEXT 50,27999.51
2017-01-02,NIFTY NEXT 50,28248.96
2017-01-03,NIFTY NEXT 50,28475.71
2017-01-04,NIFTY NEXT 50,28438.26
2017-01-05,NIFTY NEXT 50,28896.1
2017-01-06,NIFTY NEXT 50,28830.41
2017-01-09,NIFTY NEXT 50,28844.88
2017-01-10,NIFTY NEXT 50,29139.42
2017-01-11,NIFTY NEXT 50,29509.52
2017-01-12,NIFTY NEXT 50,29613.56
2017-01-13,NIFTY NEXT 50,29646.22
2017-01-16,NIFTY NEXT 50,29832.39
2017-01-17,NIFTY NEXT 50,29818.59
2017-01-18,NIFTY NEXT 50,30001.51
2017-01-19,NIFTY NEXT 50,30105.32
2017-01-20,NIFTY NEXT 50,29662.72
2017-01-23,NIFTY NEXT 50,29921.09
2017-01-24,NIFTY NEXT 50,30240.77
2017-01-25,NIFTY NEXT 50,30644.52
2017-01-27,NIFTY NEXT 50,30807.82
2017-01-30,NIFTY NEXT 50,30979.52
2017-01-31,NIFTY NEXT 50,30494.69
2017-02-01,NIFTY NEXT 50,31120.32
2017-02-02,NIFTY NEXT 50,31330.39
2017-02-03,NIFTY NEXT 50,31365.19
2017-02-06,NIFTY NEXT 50,31713.91
2017-02-07,NIFTY NEXT 50,31615.15
2017-02-08,NIFTY NEXT 50,31770.88
2017-02-09,NIFTY NEXT 50,31869.41
2017-02-10,NIFTY NEXT 50,31798.24
2017-02-13,NIFTY NEXT 50,31809.86
2017-02-14,NIFTY NEXT 50,31508.28
2017-02-15,NIFTY NEXT 50,31112.41
2017-02-16,NIFTY NEXT 50,31653.35
2017-02-17,NIFTY NEXT 50,31872.44
2017-02-20,NIFTY NEXT 50,32075.59
2017-02-21,NIFTY NEXT 50,32349.86
2017-02-22,NIFTY NEXT 50,32155.08
2017-02-23,NIFTY NEXT 50,32041.96
2017-02-27,NIFTY NEXT 50,32006.04
2017-02-28,NIFTY NEXT 50,32104.42
2017-03-01,NIFTY NEXT 50,32200.37
2017-03-02,NIFTY NEXT 50,31734.32
2017-03-03,NIFTY NEXT 50,31719.17
2017-03-06,NIFTY NEXT 50,31899.77
2017-03-07,NIFTY NEXT 50,31869.79
2017-03-08,NIFTY NEXT 50,31764.82
2017-03-09,NIFTY NEXT 50,31719.74
2017-03-10,NIFTY NEXT 50,31657.17
2017-03-14,NIFTY NEXT 50,32162.7
2017-03-15,NIFTY NEXT 50,32368.19
2017-03-16,NIFTY NEXT 50,32839.38
2017-03-17,NIFTY NEXT 50,32826.08
2017-03-20,NIFTY NEXT 50,32831.11
2017-03-21,NIFTY NEXT 50,32649.75
2017-03-22,NIFTY NEXT 50,32345.63
2017-03-23,NIFTY NEXT 50,32669.3
2017-03-24,NIFTY NEXT 50,32719.16
2017-03-27,NIFTY NEXT 50,32582.51
2017-03-28,NIFTY NEXT 50,32833.64
2017-03-29,NIFTY NEXT 50,32894.93
2017-03-30,NIFTY NEXT 50,33050.19
2017-03-31,NIFTY NEXT 50,33190.87
2017-04-03,NIFTY NEXT 50,33319.97
2017-04-05,NIFTY NEXT 50,33664.75
2017-04-06,NIFTY NEXT 50,33774.8
2017-04-07,NIFTY NEXT 50,33763.61
2017-04-10,NIFTY NEXT 50,34003.44
2017-04-11,NIFTY NEXT 50,34287.54
2017-04-12,NIFTY NEXT 50,34344.29
2017-04-13,NIFTY NEXT 50,34287.07
2017-04-17,NIFTY NEXT 50,34208.64
2017-04-18,NIFTY NEXT 50,33845.22
2017-04-19,NIFTY NEXT 50,34070.33
2017-04-20,NIFTY NEXT 50,34192.8
2017-04-21,NIFTY NEXT 50,34270.92
2017-04-24,NIFTY NEXT 50,34558.27
2017-04-25,NIFTY NEXT 50,35087.38
2017-04-26,NIFTY NEXT 50,35015.87
2017-04-27,NIFTY NEXT 50,34848.3
2017-04-28,NIFTY NEXT 50,34905.77
2017-05-02,NIFTY NEXT 50,35083.41
2017-05-03,NIFTY NEXT 50,35062.07
2017-05-04,NIFTY NEXT 50,35158.84
2017-05-05,NIFTY NEXT 50,34665.32
2017-05-08,NIFTY NEXT 50,34815.22
2017-05-09,NIFTY NEXT 50,35093.38
2017-05-10,NIFTY NEXT 50,35546.39
2017-05-11,NIFTY NEXT 50,35603.35
2017-05-12,NIFTY NEXT 50,35438.32
2017-05-15,NIFTY NEXT 50,35735.2
2017-05-16,NIFTY NEXT 50,35732.18
2017-05-17,NIFTY NEXT 50,35562.1
2017-05-18,NIFTY NEXT 50,34834.28
2017-05-19,NIFTY NEXT 50,34632.88
2017-05-22,NIFTY NEXT 50,34342.57
2017-05-23,NIFTY NEXT 50,33883.9
2017-05-24,NIFTY NEXT 50,33372.5
2017-05-25,NIFTY NEXT 50,33715.17
2017-05-26,NIFTY NEXT 50,34478.97
2017-05-29,NIFTY NEXT 50,34139.9
2017-05-30,NIFTY NEXT 50,34392.91
2017-05-31,NIFTY NEXT 50,34537.97
2017-06-01,NIFTY NEXT 50,34628.19
2017-06-02,NIFTY NEXT 50,34839.36
2017-06-05,NIFTY NEXT 50,35107.83
2017-06-06,NIFTY NEXT 50,34852.02
2017-06-07,NIFTY NEXT 50,35061.93
2017-06-08,NIFTY NEXT 50,35174.23
2017-06-09,NIFTY NEXT 50,35305.81
2017-06-12,NIFTY NEXT 50,35253.31
2017-06-13,NIFTY NEXT 50,35289.33
2017-06-14,NIFTY NEXT 50,35186.72
2017-06-15,NIFTY NEXT 50,35143.6
2017-06-16,NIFTY NEXT 50,35243.26
2017-06-19,NIFTY NEXT 50,35374.7
2017-06-20,NIFTY NEXT 50,35422.18
2017-06-21,NIFTY NEXT 50,35435.24
2017-06-22,NIFTY NEXT 50,35196.37
2017-06-23,NIFTY NEXT 50,34745.86
2017-06-27,NIFTY NEXT 50,34493.85
2017-06-28,NIFTY NEXT 50,34589.44
2017-06-29,NIFTY NEXT 50,34608.1
2017-06-30,NIFTY NEXT 50,34874.15
2017-07-03,NIFTY NEXT 50,35317.14
2017-07-04,NIFTY NEXT 50,35263.89
2017-07-05,NIFTY NEXT 50,35543.32
2017-07-06,NIFTY NEXT 50,35698.89
2017-07-07,NIFTY NEXT 50,35705.92
2017-07-10,NIFTY NEXT 50,36019.18
2017-07-11,NIFTY NEXT 50,35796.33
2017-07-12,NIFTY NEXT 50,36124.48
2017-07-13,NIFTY NEXT 50,36428.71
2017-07-14,NIFTY NEXT 50,36443.66
2017-07-17,NIFTY NEXT 50,36494.5
2017-07-18,NIFTY NEXT 50,36261.95
2017-07-19,NIFTY NEXT 50,36749.86
2017-07-20,NIFTY NEXT 50,36605.33
2017-07-21,NIFTY NEXT 50,36708.3
2017-07-24,NIFTY NEXT 50,36753.08
2017-07-25,NIFTY NEXT 50,36855.28
2017-07-26,NIFTY NEXT 50,36888.86
2017-07-27,NIFTY NEXT 50,36692.65
2017-07-28,NIFTY NEXT 50,36933.99
2017-07-31,NIFTY NEXT 50,37151.18
2017-08-01,NIFTY NEXT 50,37084.91
2017-08-02,NIFTY NEXT 50,36897.69
2017-08-03,NIFTY NEXT 50,36972.61
2017-08-04,NIFTY NEXT 50,37416.77
2017-08-07,NIFTY NEXT 50,37923.95
2017-08-08,NIFTY NEXT 50,37462.21
2017-08-09,NIFTY NEXT 50,36806.28
2017-08-10,NIFTY NEXT 50,35798.75
2017-08-11,NIFTY NEXT 50,35770.48
2017-08-14,NIFTY NEXT 50,36568.35
2017-08-16,NIFTY NEXT 50,36928.1
2017-08-17,NIFTY NEXT 50,36906.89
2017-08-18,NIFTY NEXT 50,36833.7
2017-08-21,NIFTY NEXT 50,36249.72
2017-08-22,NIFTY NEXT 50,36058.37
2017-08-23,NIFTY NEXT 50,36555.23
2017-08-24,NIFTY NEXT 50,36872.15
2017-08-28,NIFTY NEXT 50,37231.33
2017-08-29,NIFTY NEXT 50,36829.23
2017-08-30,NIFTY NEXT 50,37388.48
2017-08-31,NIFTY NEXT 50,37371.97
2017-09-01,NIFTY NEXT 50,37750.2
2017-09-04,NIFTY NEXT 50,37543.47
2017-09-05,NIFTY NEXT 50,37750.67
2017-09-06,NIFTY NEXT 50,37801.88
2017-09-07,NIFTY NEXT 50,38084.71
2017-09-08,NIFTY NEXT 50,37809.75
2017-09-11,NIFTY NEXT 50,38096.7
2017-09-12,NIFTY NEXT 50,38448.09
2017-09-13,NIFTY NEXT 50,38316.67
2017-09-14,NIFTY NEXT 50,38468.1
2017-09-15,NIFTY NEXT 50,38381.1
2017-09-18,NIFTY NEXT 50,38527.56
2017-09-19,NIFTY NEXT 50,38633.32
2017-09-20,NIFTY NEXT 50,38528.08
2017-09-21,NIFTY NEXT 50,38272.64
2017-09-22,NIFTY NEXT 50,37274.7
2017-09-25,NIFTY NEXT 50,36789.66
2017-09-26,NIFTY NEXT 50,36875.71
2017-09-27,NIFTY NEXT 50,36188.37
2017-09-28,NIFTY NEXT 50,36300.06
2017-09-29,NIFTY NEXT 50,36756.78
2017-10-03,NIFTY NEXT 50,37104.29
2017-10-04,NIFTY NEXT 50,37171.48
2017-10-05,NIFTY NEXT 50,37280.89
2017-10-06,NIFTY NEXT 50,37580.04
2017-10-09,NIFTY NEXT 50,37637.39
2017-10-10,NIFTY NEXT 50,37867.41
2017-10-11,NIFTY NEXT 50,37631.65
2017-10-12,NIFTY NEXT 50,38050.45
2017-10-13,NIFTY NEXT 50,38112.57
2017-10-16,NIFTY NEXT 50,38207.32
2017-10-17,NIFTY NEXT 50,38389.01
2017-10-18,NIFTY NEXT 50,38332.32
2017-10-19,NIFTY NEXT 50,38129.76
2017-10-23,NIFTY NEXT 50,38320.38
2017-10-24,NIFTY NEXT 50,38247.84
2017-10-25,NIFTY NEXT 50,38732.72
2017-10-26,NIFTY NEXT 50,38887.38
2017-10-27,NIFTY NEXT 50,39156.26
2017-10-30,NIFTY NEXT 50,39581.87
2017-10-31,NIFTY NEXT 50,39541.04
2017-11-01,NIFTY NEXT 50,39890.09
2017-11-02,NIFTY NEXT 50,40050.96
2017-11-03,NIFTY NEXT 50,40082.3
2017-11-06,NIFTY NEXT 50,40351.91
2017-11-07,NIFTY NEXT 50,39739.66
2017-11-08,NIFTY NEXT 50,39430.83
2017-11-09,NIFTY NEXT 50,39691.02
2017-11-10,NIFTY NEXT 50,39609.19
2017-11-13,NIFTY NEXT 50,39331.77
2017-11-14,NIFTY NEXT 50,39206.85
2017-11-15,NIFTY NEXT 50,38754.27
2017-11-16,NIFTY NEXT 50,39202.71
2017-11-17,NIFTY NEXT 50,39743.82
2017-11-20,NIFTY NEXT 50,39784.36
2017-11-21,NIFTY NEXT 50,39848.21
2017-11-22,NIFTY NEXT 50,39793.12
2017-11-23,NIFTY NEXT 50,39778.9
2017-11-24,NIFTY NEXT 50,39950.06
2017-11-27,NIFTY NEXT 50,40063.79
2017-11-28,NIFTY NEXT 50,40124.93
2017-11-29,NIFTY NEXT 50,40112.2
2017-11-30,NIFTY NEXT 50,39761.92
2017-12-01,NIFTY NEXT 50,39365.1
2017-12-04,NIFTY NEXT 50,39389.92
2017-12-05,NIFTY NEXT 50,39419.39
2017-12-06,NIFTY NEXT 50,39029.33
2017-12-07,NIFTY NEXT 50,39686.57
2017-12-08,NIFTY NEXT 50,40073.96
2017-12-11,NIFTY NEXT 50,40187.91
2017-12-12,NIFTY NEXT 50,39787.27
2017-12-13,NIFTY NEXT 50,39399.38
2017-12-14,NIFTY NEXT 50,39415.07
2017-12-15,NIFTY NEXT 50,39750.69
2017-12-18,NIFTY NEXT 50,40131.13
2017-12-19,NIFTY NEXT 50,40707.01
2017-12-20,NIFTY NEXT 50,40716.44
2017-12-21,NIFTY NEXT 50,40909.56
2017-12-22,NIFTY NEXT 50,41096.3
2017-12-26,NIFTY NEXT 50,41276.74
2017-12-27,NIFTY NEXT 50,41077.07
2017-12-28,NIFTY NEXT 50,41097.33
2017-12-29,NIFTY NEXT 50,41363.23
2018-01-01,NIFTY NEXT 50,41276.37
2018-01-02,NIFTY NEXT 50,41141.05
2018-01-03,NIFTY NEXT 50,41375.24
2018-01-04,NIFTY NEXT 50,41812.08
2018-01-05,NIFTY NEXT 50,42340.39
2018-01-08,NIFTY NEXT 50,42639.05
2018-01-09,NIFTY NEXT 50,42455.19
2018-01-10,NIFTY NEXT 50,42382.87
2018-01-11,NIFTY NEXT 50,42339.96
2018-01-12,NIFTY NEXT 50,42352.02
2018-01-15,NIFTY NEXT 50,42264.78
2018-01-16,NIFTY NEXT 50,41573.73
2018-01-17,NIFTY NEXT 50,41875.44
2018-01-18,NIFTY NEXT 50,41320.82
2018-01-19,NIFTY NEXT 50,41633.13
2018-01-22,NIFTY NEXT 50,41952.29
2018-01-23,NIFTY NEXT 50,42251.13
2018-01-24,NIFTY NEXT 50,42000.48
2018-01-25,NIFTY NEXT 50,41432.74
2018-01-29,NIFTY NEXT 50,41269.94
2018-01-30,NIFTY NEXT 50,41031.04
2018-01-31,NIFTY NEXT 50,40747.7
2018-02-01,NIFTY NEXT 50,40780.46
2018-02-02,NIFTY NEXT 50,39620.34
2018-02-05,NIFTY NEXT 50,39490.19
2018-02-06,NIFTY NEXT 50,38936.0
2018-02-07,NIFTY NEXT 50,39219.65
2018-02-08,NIFTY NEXT 50,39862.89
2018-02-09,NIFTY NEXT 50,39731.41
2018-02-12,NIFTY NEXT 50,40323.34
2018-02-14,NIFTY NEXT 50,40241.03
2018-02-15,NIFTY NEXT 50,39916.57
2018-02-16,NIFTY NEXT 50,39481.04
2018-02-19,NIFTY NEXT 50,39053.65
2018-02-20,NIFTY NEXT 50,39245.1
2018-02-21,NIFTY NEXT 50,39091.48
2018-02-22,NIFTY NEXT 50,38729.86
2018-02-23,NIFTY NEXT 50,39339.46
2018-02-26,NIFTY NEXT 50,39701.98
2018-02-27,NIFTY NEXT 50,39552.73
2018-02-28,NIFTY NEXT 50,39377.45
2018-03-01,NIFTY NEXT 50,39107.21
2018-03-05,NIFTY NEXT 50,38691.92
2018-03-06,NIFTY NEXT 50,38340.78
2018-03-07,NIFTY NEXT 50,37904.76
2018-03-08,NIFTY NEXT 50,37878.81
2018-03-09,NIFTY NEXT 50,37894.33
2018-03-13,NIFTY NEXT 50,38655.61
2018-03-14,NIFTY NEXT 50,38701.11
2018-03-15,NIFTY NEXT 50,38718.08
2018-03-16,NIFTY NEXT 50,38373.35
2018-03-19,NIFTY NEXT 50,37803.34
2018-03-20,NIFTY NEXT 50,37990.24
2018-03-21,NIFTY NEXT 50,38151.23
2018-03-22,NIFTY NEXT 50,38006.05
2018-03-23,NIFTY NEXT 50,37773.6
2018-03-26,NIFTY NEXT 50,38345.83
2018-03-27,NIFTY NEXT 50,38662.83
2018-03-28,NIFTY NEXT 50,38273.36
2018-04-02,NIFTY NEXT 50,39036.24
2018-04-03,NIFTY NEXT 50,39495.21
2018-04-04,NIFTY NEXT 50,39044.7
2018-04-05,NIFTY NEXT 50,39757.86
2018-04-06,NIFTY NEXT 50,40222.38
2018-04-09,NIFTY NEXT 50,40236.54
2018-04-10,NIFTY NEXT 50,40184.33
2018-04-11,NIFTY NEXT 50,40241.7
2018-04-12,NIFTY NEXT 50,40175.69
2018-04-13,NIFTY NEXT 50,40161.9
2018-04-16,NIFTY NEXT 50,40374.58
2018-04-17,NIFTY NEXT 50,40455.73
2018-04-18,NIFTY NEXT 50,40420.66
2018-04-19,NIFTY NEXT 50,40714.81
2018-04-20,NIFTY NEXT 50,40544.07
2018-04-23,NIFTY NEXT 50,40758.61
2018-04-24,NIFTY NEXT 50,40830.2
2018-04-25,NIFTY NEXT 50,40760.81
2018-04-26,NIFTY NEXT 50,40671.96
2018-04-27,NIFTY NEXT 50,40923.57
2018-04-30,NIFTY NEXT 50,41150.55
2018-05-02,NIFTY NEXT 50,40621.16
2018-05-03,NIFTY NEXT 50,40099.45
2018-05-04,NIFTY NEXT 50,39837.95
2018-05-07,NIFTY NEXT 50,40153.17
2018-05-08,NIFTY NEXT 50,40023.78
2018-05-09,NIFTY NEXT 50,39791.05
2018-05-10,NIFTY NEXT 50,39275.78
2018-05-11,NIFTY NEXT 50,39281.0
2018-05-14,NIFTY NEXT 50,39092.95
2018-05-15,NIFTY NEXT 50,38974.43
2018-05-16,NIFTY NEXT 50,38933.49
2018-05-17,NIFTY NEXT 50,38934.19
2018-05-18,NIFTY NEXT 50,38375.32
2018-05-21,NIFTY NEXT 50,37810.11
2018-05-22,NIFTY NEXT 50,38324.04
2018-05-23,NIFTY NEXT 50,38121.2
2018-05-24,NIFTY NEXT 50,38214.95
2018-05-25,NIFTY NEXT 50,38861.96
2018-05-28,NIFTY NEXT 50,39510.96
2018-05-29,NIFTY NEXT 50,39494.69
2018-05-30,NIFTY NEXT 50,39380.09
2018-05-31,NIFTY NEXT 50,39243.31
2018-06-01,NIFTY NEXT 50,38849.55
2018-06-04,NIFTY NEXT 50,38502.24
2018-06-05,NIFTY NEXT 50,38101.59
2018-06-06,NIFTY NEXT 50,38683.33
2018-06-07,NIFTY NEXT 50,39199.15
2018-06-08,NIFTY NEXT 50,39354.79
2018-06-11,NIFTY NEXT 50,39379.72
2018-06-12,NIFTY NEXT 50,39661.02
2018-06-13,NIFTY NEXT 50,39584.08
2018-06-14,NIFTY NEXT 50,39515.99
2018-06-15,NIFTY NEXT 50,39213.94
2018-06-18,NIFTY NEXT 50,39016.51
2018-06-19,NIFTY NEXT 50,38725.4
2018-06-20,NIFTY NEXT 50,38712.85
2018-06-21,NIFTY NEXT 50,38496.92
2018-06-22,NIFTY NEXT 50,38703.09
2018-06-25,NIFTY NEXT 50,38190.64
2018-06-26,NIFTY NEXT 50,38268.7
2018-06-27,NIFTY NEXT 50,37749.32
2018-06-28,NIFTY NEXT 50,37282.66
2018-06-29,NIFTY NEXT 50,37981.22
2018-07-02,NIFTY NEXT 50,37646.58
2018-07-03,NIFTY NEXT 50,37818.49
2018-07-04,NIFTY NEXT 50,37767.29
2018-07-05,NIFTY NEXT 50,37613.77
2018-07-06,NIFTY NEXT 50,37832.75
2018-07-09,NIFTY NEXT 50,38139.33
2018-07-10,NIFTY NEXT 50,38534.89
2018-07-11,NIFTY NEXT 50,38223.45
2018-07-12,NIFTY NEXT 50,38156.4
2018-07-13,NIFTY NEXT 50,37978.41
2018-07-16,NIFTY NEXT 50,37114.33
2018-07-17,NIFTY NEXT 50,37533.86
2018-07-18,NIFTY NEXT 50,37117.55
2018-07-19,NIFTY NEXT 50,36924.99
2018-07-20,NIFTY NEXT 50,37135.28
2018-07-23,NIFTY NEXT 50,37770.76
2018-07-24,NIFTY NEXT 50,38740.25
2018-07-25,NIFTY NEXT 50,38702.64
2018-07-26,NIFTY NEXT 50,39063.23
2018-07-27,NIFTY NEXT 50,39384.07
2018-07-30,NIFTY NEXT 50,39794.73
2018-07-31,NIFTY NEXT 50,39970.74
2018-08-01,NIFTY NEXT 50,40096.15
2018-08-02,NIFTY NEXT 50,39997.85
2018-08-03,NIFTY NEXT 50,40269.7
2018-08-06,NIFTY NEXT 50,40349.06
2018-08-07,NIFTY NEXT 50,40329.83
2018-08-08,NIFTY NEXT 50,40403.65
2018-08-09,NIFTY NEXT 50,40566.34
2018-08-10,NIFTY NEXT 50,40261.93
2018-08-13,NIFTY NEXT 50,39829.69
2018-08-14,NIFTY NEXT 50,40049.96
2018-08-16,NIFTY NEXT 50,39763.51
2018-08-17,NIFTY NEXT 50,40360.31
2018-08-20,NIFTY NEXT 50,40834.4
2018-08-21,NIFTY NEXT 50,41016.24
2018-08-23,NIFTY NEXT 50,41251.6
2018-08-24,NIFTY NEXT 50,41191.2
2018-08-27,NIFTY NEXT 50,41541.82
2018-08-28,NIFTY NEXT 50,41489.09
2018-08-29,NIFTY NEXT 50,41777.45
2018-08-30,NIFTY NEXT 50,41933.1
2018-08-31,NIFTY NEXT 50,42141.21
2018-09-03,NIFTY NEXT 50,41831.79
2018-09-04,NIFTY NEXT 50,40554.32
2018-09-05,NIFTY NEXT 50,40311.95
2018-09-06,NIFTY NEXT 50,40615.1
2018-09-07,NIFTY NEXT 50,41069.7
2018-09-10,NIFTY NEXT 50,40350.93
2018-09-11,NIFTY NEXT 50,39622.53
2018-09-12,NIFTY NEXT 50,39814.1
2018-09-14,NIFTY NEXT 50,40522.54
2018-09-17,NIFTY NEXT 50,40190.14
2018-09-18,NIFTY NEXT 50,39615.4
2018-09-19,NIFTY NEXT 50,39444.62
2018-09-21,NIFTY NEXT 50,38653.99
2018-09-24,NIFTY NEXT 50,37481.79
2018-09-25,NIFTY NEXT 50,37829.17
2018-09-26,NIFTY NEXT 50,37941.96
2018-09-27,NIFTY NEXT 50,37309.93
2018-09-28,NIFTY NEXT 50,36837.51
2018-10-01,NIFTY NEXT 50,36866.42
2018-10-03,NIFTY NEXT 50,36395.88
2018-10-04,NIFTY NEXT 50,35828.58
2018-10-05,NIFTY NEXT 50,34970.1
2018-10-08,NIFTY NEXT 50,34606.94
2018-10-09,NIFTY NEXT 50,34425.59
2018-10-10,NIFTY NEXT 50,35538.6
2018-10-11,NIFTY NEXT 50,34872.87
2018-10-12,NIFTY NEXT 50,35611.54
2018-10-15,NIFTY NEXT 50,35760.92
2018-10-16,NIFTY NEXT 50,36263.97
2018-10-17,NIFTY NEXT 50,35474.85
2018-10-19,NIFTY NEXT 50,35173.46
2018-10-22,NIFTY NEXT 50,35013.59
2018-10-23,NIFTY NEXT 50,34567.46
2018-10-24,NIFTY NEXT 50,34693.94
2018-10-25,NIFTY NEXT 50,34203.99
2018-10-26,NIFTY NEXT 50,34249.15
2018-10-29,NIFTY NEXT 50,35057.43
2018-10-30,NIFTY NEXT 50,35243.3
2018-10-31,NIFTY NEXT 50,35866.61
2018-11-01,NIFTY NEXT 50,36088.7
2018-11-02,NIFTY NEXT 50,36637.03
2018-11-05,NIFTY NEXT 50,36761.8
2018-11-06,NIFTY NEXT 50,36551.98
2018-11-07,NIFTY NEXT 50,36800.36
2018-11-09,NIFTY NEXT 50,36965.5
2018-11-12,NIFTY NEXT 50,36544.72
2018-11-13,NIFTY NEXT 50,36648.36
2018-11-14,NIFTY NEXT 50,36686.94
2018-11-15,NIFTY NEXT 50,36853.06
2018-11-16,NIFTY NEXT 50,36994.63
2018-11-19,NIFTY NEXT 50,37196.1
2018-11-20,NIFTY NEXT 50,36733.58
2018-11-21,NIFTY NEXT 50,37020.25
2018-11-22,NIFTY NEXT 50,36766.46
2018-11-26,NIFTY NEXT 50,36901.43
2018-11-27,NIFTY NEXT 50,36864.47
2018-11-28,NIFTY NEXT 50,36768.51
2018-11-29,NIFTY NEXT 50,37041.1
2018-11-30,NIFTY NEXT 50,37315.86
2018-12-03,NIFTY NEXT 50,37434.28
2018-12-04,NIFTY NEXT 50,37323.21
2018-12-05,NIFTY NEXT 50,36804.07
2018-12-06,NIFTY NEXT 50,36240.2
2018-12-07,NIFTY NEXT 50,36398.88
2018-12-10,NIFTY NEXT 50,35736.78
2018-12-11,NIFTY NEXT 50,36300.15
2018-12-12,NIFTY NEXT 50,37109.12
2018-12-13,NIFTY NEXT 50,37487.34
2018-12-14,NIFTY NEXT 50,37613.8
2018-12-17,NIFTY NEXT 50,37911.73
2018-12-18,NIFTY NEXT 50,38094.89
2018-12-19,NIFTY NEXT 50,38628.33
2018-12-20,NIFTY NEXT 50,38413.69
2018-12-21,NIFTY NEXT 50,37888.76
2018-12-24,NIFTY NEXT 50,37352.23
2018-12-26,NIFTY NEXT 50,37494.27
2018-12-27,NIFTY NEXT 50,37569.09
2018-12-28,NIFTY NEXT 50,37950.73
2018-12-31,NIFTY NEXT 50,38107.08
2019-01-01,NIFTY NEXT 50,38016.27
2019-01-02,NIFTY NEXT 50,37698.88
2019-01-03,NIFTY NEXT 50,37425.33
2019-01-04,NIFTY NEXT 50,37485.97
2019-01-07,NIFTY NEXT 50,37468.55
2019-01-08,NIFTY NEXT 50,37444.85
2019-01-09,NIFTY NEXT 50,37437.28
2019-01-10,NIFTY NEXT 50,37592.38
2019-01-11,NIFTY NEXT 50,37469.8
2019-01-14,NIFTY NEXT 50,37209.24
2019-01-15,NIFTY NEXT 50,37476.62
2019-01-16,NIFTY NEXT 50,37497.01
2019-01-17,NIFTY NEXT 50,37473.98
2019-01-18,NIFTY NEXT 50,37068.15
2019-01-21,NIFTY NEXT 50,36948.94
2019-01-22,NIFTY NEXT 50,37095.49
2019-01-23,NIFTY NEXT 50,36870.02
2019-01-24,NIFTY NEXT 50,36827.49
2019-01-25,NIFTY NEXT 50,36334.87
2019-01-28,NIFTY NEXT 50,35667.4
2019-01-29,NIFTY NEXT 50,35705.19
2019-01-30,NIFTY NEXT 50,35701.64
2019-01-31,NIFTY NEXT 50,35917.26
2019-02-01,NIFTY NEXT 50,36285.98
2019-02-04,NIFTY NEXT 50,35961.38
2019-02-05,NIFTY NEXT 50,35708.1
2019-02-06,NIFTY NEXT 50,36035.54
2019-02-07,NIFTY NEXT 50,36463.44
2019-02-08,NIFTY NEXT 50,35897.46
2019-02-11,NIFTY NEXT 50,35496.28
2019-02-12,NIFTY NEXT 50,35313.56
2019-02-13,NIFTY NEXT 50,34951.58
2019-02-14,NIFTY NEXT 50,35112.28
2019-02-15,NIFTY NEXT 50,34515.54
2019-02-18,NIFTY NEXT 50,34248.29
2019-02-19,NIFTY NEXT 50,34303.91
2019-02-20,NIFTY NEXT 50,34763.96
2019-02-21,NIFTY NEXT 50,35061.34
2019-02-22,NIFTY NEXT 50,35332.89
2019-02-25,NIFTY NEXT 50,35488.74
2019-02-26,NIFTY NEXT 50,35471.12
2019-02-27,NIFTY NEXT 50,35627.99
2019-02-28,NIFTY NEXT 50,35903.67
2019-03-01,NIFTY NEXT 50,36355.18
2019-03-05,NIFTY NEXT 50,37037.85
2019-03-06,NIFTY NEXT 50,37323.7
2019-03-07,NIFTY NEXT 50,37149.53
2019-03-08,NIFTY NEXT 50,37188.38
2019-03-11,NIFTY NEXT 50,38040.73
2019-03-13,NIFTY NEXT 50,37986.96
2019-03-14,NIFTY NEXT 50,37846.78
2019-03-15,NIFTY NEXT 50,37800.1
2019-03-18,NIFTY NEXT 50,37885.47
2019-03-19,NIFTY NEXT 50,38008.33
2019-03-20,NIFTY NEXT 50,37881.61
2019-03-22,NIFTY NEXT 50,37632.97
2019-03-25,NIFTY NEXT 50,37176.45
2019-03-26,NIFTY NEXT 50,37526.94
2019-03-27,NIFTY NEXT 50,37451.22
2019-03-28,NIFTY NEXT 50,37789.98
2019-03-29,NIFTY NEXT 50,38344.26
2019-04-01,NIFTY NEXT 50,38414.93
2019-04-02,NIFTY NEXT 50,38147.82
2019-04-03,NIFTY NEXT 50,38008.77
2019-04-04,NIFTY NEXT 50,37991.68
2019-04-05,NIFTY NEXT 50,38162.88
2019-04-08,NIFTY NEXT 50,38022.18
2019-04-09,NIFTY NEXT 50,38167.52
2019-04-10,NIFTY NEXT 50,38045.94
2019-04-11,NIFTY NEXT 50,38170.37
2019-04-12,NIFTY NEXT 50,38336.56
2019-04-15,NIFTY NEXT 50,38497.08
2019-04-16,NIFTY NEXT 50,38704.47
2019-04-18,NIFTY NEXT 50,38537.84
2019-04-22,NIFTY NEXT 50,37843.14
2019-04-23,NIFTY NEXT 50,37799.23
2019-04-24,NIFTY NEXT 50,38047.39
2019-04-25,NIFTY NEXT 50,37853.58
2019-04-26,NIFTY NEXT 50,37863.25
2019-04-30,NIFTY NEXT 50,37699.44
2019-05-02,NIFTY NEXT 50,37508.03
2019-05-03,NIFTY NEXT 50,37343.48
2019-05-06,NIFTY NEXT 50,36889.4
2019-05-07,NIFTY NEXT 50,36641.91
2019-05-08,NIFTY NEXT 50,36217.93
2019-05-09,NIFTY NEXT 50,36115.98
2019-05-10,NIFTY NEXT 50,36020.22
2019-05-13,NIFTY NEXT 50,35363.31
2019-05-14,NIFTY NEXT 50,35438.43
2019-05-15,NIFTY NEXT 50,35283.08
2019-05-16,NIFTY NEXT 50,35268.52
2019-05-17,NIFTY NEXT 50,35569.36
2019-05-20,NIFTY NEXT 50,36728.81
2019-05-21,NIFTY NEXT 50,36427.22
2019-05-22,NIFTY NEXT 50,36412.28
2019-05-23,NIFTY NEXT 50,36546.64
2019-05-24,NIFTY NEXT 50,37395.01
2019-05-27,NIFTY NEXT 50,37594.71
2019-05-28,NIFTY NEXT 50,37736.96
2019-05-29,NIFTY NEXT 50,37466.54
2019-05-30,NIFTY NEXT 50,37499.23
2019-05-31,NIFTY NEXT 50,37758.26
2019-06-03,NIFTY NEXT 50,38169.94
2019-06-04,NIFTY NEXT 50,37941.1
2019-06-06,NIFTY NEXT 50,37170.55
2019-06-07,NIFTY NEXT 50,37182.25
2019-06-10,NIFTY NEXT 50,37282.29
2019-06-11,NIFTY NEXT 50,37495.17
2019-06-12,NIFTY NEXT 50,37199.25
2019-06-13,NIFTY NEXT 50,37177.4
2019-06-14,NIFTY NEXT 50,36788.84
2019-06-17,NIFTY NEXT 50,36217.57
2019-06-18,NIFTY NEXT 50,36261.94
2019-06-19,NIFTY NEXT 50,36062.41
2019-06-20,NIFTY NEXT 50,36670.55
2019-06-21,NIFTY NEXT 50,36572.84
2019-06-24,NIFTY NEXT 50,36619.08
2019-06-25,NIFTY NEXT 50,36711.72
2019-06-26,NIFTY NEXT 50,37007.65
2019-06-27,NIFTY NEXT 50,37191.08
2019-06-28,NIFTY NEXT 50,37124.74
2019-07-01,NIFTY NEXT 50,37313.85
2019-07-02,NIFTY NEXT 50,37437.58
2019-07-03,NIFTY NEXT 50,37630.52
2019-07-04,NIFTY NEXT 50,37710.38
2019-07-05,NIFTY NEXT 50,37188.81
2019-07-08,NIFTY NEXT 50,36418.12
2019-07-09,NIFTY NEXT 50,36614.6
2019-07-10,NIFTY NEXT 50,36324.41
2019-07-11,NIFTY NEXT 50,36594.81
2019-07-12,NIFTY NEXT 50,36664.86
2019-07-15,NIFTY NEXT 50,36817.95
2019-07-16,NIFTY NEXT 50,37183.71
2019-07-17,NIFTY NEXT 50,37269.15
2019-07-18,NIFTY NEXT 50,36874.88
2019-07-19,NIFTY NEXT 50,36256.21
2019-07-22,NIFTY NEXT 50,36289.55
2019-07-23,NIFTY NEXT 50,36155.51
2019-07-24,NIFTY NEXT 50,35575.15
2019-07-25,NIFTY NEXT 50,35808.93
2019-07-26,NIFTY NEXT 50,36151.71
2019-07-29,NIFTY NEXT 50,35677.88
2019-07-30,NIFTY NEXT 50,35188.48
2019-07-31,NIFTY NEXT 50,35508.48
2019-08-01,NIFTY NEXT 50,35048.24
2019-08-02,NIFTY NEXT 50,35154.88
2019-08-05,NIFTY NEXT 50,34869.54
2019-08-06,NIFTY NEXT 50,35205.59
2019-08-07,NIFTY NEXT 50,35048.7
2019-08-08,NIFTY NEXT 50,35499.06
2019-08-09,NIFTY NEXT 50,35752.48
2019-08-13,NIFTY NEXT 50,34935.6
2019-08-14,NIFTY NEXT 50,35329.94
2019-08-16,NIFTY NEXT 50,35446.64
2019-08-19,NIFTY NEXT 50,35456.6
2019-08-20,NIFTY NEXT 50,35186.14
2019-08-21,NIFTY NEXT 50,34774.82
2019-08-22,NIFTY NEXT 50,34306.55
2019-08-23,NIFTY NEXT 50,34590.72
2019-08-26,NIFTY NEXT 50,35230.05
2019-08-27,NIFTY NEXT 50,35697.77
2019-08-28,NIFTY NEXT 50,35528.37
2019-08-29,NIFTY NEXT 50,35548.54
2019-08-30,NIFTY NEXT 50,36037.31
2019-09-03,NIFTY NEXT 50,35258.45
2019-09-04,NIFTY NEXT 50,35212.31
2019-09-05,NIFTY NEXT 50,35395.87
2019-09-06,NIFTY NEXT 50,35558.13
2019-09-09,NIFTY NEXT 50,35676.95
2019-09-11,NIFTY NEXT 50,35915.35
2019-09-12,NIFTY NEXT 50,35890.51
2019-09-13,NIFTY NEXT 50,36129.57
2019-09-16,NIFTY NEXT 50,36090.14
2019-09-17,NIFTY NEXT 50,35484.9
2019-09-18,NIFTY NEXT 50,35706.03
2019-09-19,NIFTY NEXT 50,35394.97
2019-09-20,NIFTY NEXT 50,37422.3
2019-09-23,NIFTY NEXT 50,38112.53
2019-09-24,NIFTY NEXT 50,38153.74
2019-09-25,NIFTY NEXT 50,37528.3
2019-09-26,NIFTY NEXT 50,37974.13
2019-09-27,NIFTY NEXT 50,37983.85
2019-09-30,NIFTY NEXT 50,37577.22
2019-10-01,NIFTY NEXT 50,37207.94
2019-10-03,NIFTY NEXT 50,36898.45
2019-10-04,NIFTY NEXT 50,36432.03
2019-10-07,NIFTY NEXT 50,35904.23
2019-10-09,NIFTY NEXT 50,36402.95
2019-10-10,NIFTY NEXT 50,36174.32
2019-10-11,NIFTY NEXT 50,36318.7
2019-10-14,NIFTY NEXT 50,36582.24
2019-10-15,NIFTY NEXT 50,36881.24
2019-10-16,NIFTY NEXT 50,37195.25
2019-10-17,NIFTY NEXT 50,37723.7
2019-10-18,NIFTY NEXT 50,38251.51
2019-10-22,NIFTY NEXT 50,38456.1
2019-10-23,NIFTY NEXT 50,38424.01
2019-10-24,NIFTY NEXT 50,38294.01
2019-10-25,NIFTY NEXT 50,38177.0
2019-10-27,NIFTY NEXT 50,38400.46
2019-10-29,NIFTY NEXT 50,38843.35
2019-10-30,NIFTY NEXT 50,39101.2
2019-10-31,NIFTY NEXT 50,39222.53
2019-11-01,NIFTY NEXT 50,39201.29
2019-11-04,NIFTY NEXT 50,39135.36
2019-11-05,NIFTY NEXT 50,38856.04
2019-11-06,NIFTY NEXT 50,38981.58
2019-11-07,NIFTY NEXT 50,39214.92
2019-11-08,NIFTY NEXT 50,38806.2
2019-11-11,NIFTY NEXT 50,38893.54
2019-11-13,NIFTY NEXT 50,38689.01
2019-11-14,NIFTY NEXT 50,38524.68
2019-11-15,NIFTY NEXT 50,38551.99
2019-11-18,NIFTY NEXT 50,38507.02
2019-11-19,NIFTY NEXT 50,38397.04
2019-11-20,NIFTY NEXT 50,38635.07
2019-11-21,NIFTY NEXT 50,38483.37
2019-11-22,NIFTY NEXT 50,38382.98
2019-11-25,NIFTY NEXT 50,38908.62
2019-11-26,NIFTY NEXT 50,38663.17
2019-11-27,NIFTY NEXT 50,38943.09
2019-11-28,NIFTY NEXT 50,39349.28
2019-11-29,NIFTY NEXT 50,39049.5
2019-12-02,NIFTY NEXT 50,39039.9
2019-12-03,NIFTY NEXT 50,38757.78
2019-12-04,NIFTY NEXT 50,38800.14
2019-12-05,NIFTY NEXT 50,38501.07
2019-12-06,NIFTY NEXT 50,38102.32
2019-12-09,NIFTY NEXT 50,37970.97
2019-12-10,NIFTY NEXT 50,37568.3
2019-12-11,NIFTY NEXT 50,37746.91
2019-12-12,NIFTY NEXT 50,38019.93
2019-12-13,NIFTY NEXT 50,38406.92
2019-12-16,NIFTY NEXT 50,38186.07
2019-12-17,NIFTY NEXT 50,38345.4
2019-12-18,NIFTY NEXT 50,38491.02
2019-12-19,NIFTY NEXT 50,38637.55
2019-12-20,NIFTY NEXT 50,38857.66
2019-12-23,NIFTY NEXT 50,38843.35
2019-12-24,NIFTY NEXT 50,38825.71
2019-12-26,NIFTY NEXT 50,38685.32
2019-12-27,NIFTY NEXT 50,38954.17
2019-12-30,NIFTY NEXT 50,38965.24
2019-12-31,NIFTY NEXT 50,38722.69
2020-01-01,NIFTY NEXT 50,38703.26
2020-01-02,NIFTY NEXT 50,39034.34
2020-01-03,NIFTY NEXT 50,38957.12
2020-01-06,NIFTY NEXT 50,38158.17
2020-01-07,NIFTY NEXT 50,38440.43
2020-01-08,NIFTY NEXT 50,38457.27
2020-01-09,NIFTY NEXT 50,38964.46
2020-01-10,NIFTY NEXT 50,39062.62
2020-01-13,NIFTY NEXT 50,39373.78
2020-01-14,NIFTY NEXT 50,39458.22
2020-01-15,NIFTY NEXT 50,39612.35
2020-01-16,NIFTY NEXT 50,39640.62
2020-01-17,NIFTY NEXT 50,39717.6
2020-01-20,NIFTY NEXT 50,39334.03
2020-01-21,NIFTY NEXT 50,39146.45
2020-01-22,NIFTY NEXT 50,39113.12
2020-01-23,NIFTY NEXT 50,39530.77
2020-01-24,NIFTY NEXT 50,39880.23
2020-01-27,NIFTY NEXT 50,39616.23
2020-01-28,NIFTY NEXT 50,39517.73
2020-01-29,NIFTY NEXT 50,39732.03
2020-01-30,NIFTY NEXT 50,39031.09
2020-01-31,NIFTY NEXT 50,38704.99
2020-02-01,NIFTY NEXT 50,37399.84
2020-02-03,NIFTY NEXT 50,37668.55
2020-02-04,NIFTY NEXT 50,38458.92
2020-02-05,NIFTY NEXT 50,39044.6
2020-02-06,NIFTY NEXT 50,39509.27
2020-02-07,NIFTY NEXT 50,39748.86
2020-02-10,NIFTY NEXT 50,39621.98
2020-02-11,NIFTY NEXT 50,39485.98
2020-02-12,NIFTY NEXT 50,39491.03
2020-02-13,NIFTY NEXT 50,39435.6
2020-02-14,NIFTY NEXT 50,39015.97
2020-02-17,NIFTY NEXT 50,38578.2
2020-02-18,NIFTY NEXT 50,38453.78
2020-02-19,NIFTY NEXT 50,39235.45
2020-02-20,NIFTY NEXT 50,39288.91
2020-02-24,NIFTY NEXT 50,38479.58
2020-02-25,NIFTY NEXT 50,38201.52
2020-02-26,NIFTY NEXT 50,37662.07
2020-02-27,NIFTY NEXT 50,37571.77
2020-02-28,NIFTY NEXT 50,36307.27
2020-03-02,NIFTY NEXT 50,36203.04
2020-03-03,NIFTY NEXT 50,36928.79
2020-03-04,NIFTY NEXT 50,36641.96
2020-03-05,NIFTY NEXT 50,36861.93
2020-03-06,NIFTY NEXT 50,36058.69
2020-03-09,NIFTY NEXT 50,34478.18
2020-03-11,NIFTY NEXT 50,34226.02
2020-03-13,NIFTY NEXT 50,32139.56
2020-03-16,NIFTY NEXT 50,30445.75
2020-03-17,NIFTY NEXT 50,30197.1
2020-03-18,NIFTY NEXT 50,28717.07
2020-03-19,NIFTY NEXT 50,27778.61
2020-03-20,NIFTY NEXT 50,28774.44
2020-03-23,NIFTY NEXT 50,25431.11
2020-03-24,NIFTY NEXT 50,25699.41
2020-03-25,NIFTY NEXT 50,26623.19
2020-03-26,NIFTY NEXT 50,28090.66
2020-03-27,NIFTY NEXT 50,28057.92
2020-03-30,NIFTY NEXT 50,27826.33
2020-03-31,NIFTY NEXT 50,28998.12
2020-04-01,NIFTY NEXT 50,28377.76
2020-04-03,NIFTY NEXT 50,28019.67
2020-04-07,NIFTY NEXT 50,29808.9
2020-04-08,NIFTY NEXT 50,30409.56
2020-04-09,NIFTY NEXT 50,31452.36
2020-04-13,NIFTY NEXT 50,31405.22
2020-04-15,NIFTY NEXT 50,31661.53
2020-04-16,NIFTY NEXT 50,31897.38
2020-04-17,NIFTY NEXT 50,32296.92
2020-04-20,NIFTY NEXT 50,32134.39
2020-04-21,NIFTY NEXT 50,31622.68
2020-04-22,NIFTY NEXT 50,32018.13
2020-04-23,NIFTY NEXT 50,32103.15
2020-04-24,NIFTY NEXT 50,31541.58
2020-04-27,NIFTY NEXT 50,32180.9
2020-04-28,NIFTY NEXT 50,32096.72
2020-04-29,NIFTY NEXT 50,32448.49
2020-04-30,NIFTY NEXT 50,33105.94
2020-05-04,NIFTY NEXT 50,31740.95
2020-05-05,NIFTY NEXT 50,31304.9
2020-05-06,NIFTY NEXT 50,31604.74
2020-05-07,NIFTY NEXT 50,31261.45
2020-05-08,NIFTY NEXT 50,31535.65
2020-05-11,NIFTY NEXT 50,31867.98
2020-05-12,NIFTY NEXT 50,31817.49
2020-05-13,NIFTY NEXT 50,32208.26
2020-05-14,NIFTY NEXT 50,32000.87
2020-05-15,NIFTY NEXT 50,31823.99
2020-05-18,NIFTY NEXT 50,30821.11
2020-05-19,NIFTY NEXT 50,30998.12
2020-05-20,NIFTY NEXT 50,31596.0
2020-05-21,NIFTY NEXT 50,31980.58
2020-05-22,NIFTY NEXT 50,31635.13
2020-05-26,NIFTY NEXT 50,31676.63
2020-05-27,NIFTY NEXT 50,31713.34
2020-05-28,NIFTY NEXT 50,32273.72
2020-05-29,NIFTY NEXT 50,33054.6
2020-06-01,NIFTY NEXT 50,33581.26
2020-06-02,NIFTY NEXT 50,33800.4
2020-06-03,NIFTY NEXT 50,33999.92
2020-06-04,NIFTY NEXT 50,34150.54
2020-06-05,NIFTY NEXT 50,34796.26
2020-06-08,NIFTY NEXT 50,34802.68
2020-06-09,NIFTY NEXT 50,34573.47
2020-06-10,NIFTY NEXT 50,34561.28
2020-06-11,NIFTY NEXT 50,34032.38
2020-06-12,NIFTY NEXT 50,34375.79
2020-06-15,NIFTY NEXT 50,34066.01
2020-06-16,NIFTY NEXT 50,34162.37
2020-06-17,NIFTY NEXT 50,34190.33
2020-06-18,NIFTY NEXT 50,34286.32
2020-06-19,NIFTY NEXT 50,34661.93
2020-06-22,NIFTY NEXT 50,35343.8
2020-06-23,NIFTY NEXT 50,35983.47
2020-06-24,NIFTY NEXT 50,35603.06
2020-06-25,NIFTY NEXT 50,35629.27
2020-06-26,NIFTY NEXT 50,35688.99
2020-06-29,NIFTY NEXT 50,35393.58
2020-06-30,NIFTY NEXT 50,35371.83
2020-07-01,NIFTY NEXT 50,35388.03
2020-07-02,NIFTY NEXT 50,35686.71
2020-07-03,NIFTY NEXT 50,35960.07
2020-07-06,NIFTY NEXT 50,36123.15
2020-07-07,NIFTY NEXT 50,36296.13
2020-07-08,NIFTY NEXT 50,36170.86
2020-07-09,NIFTY NEXT 50,36134.06
2020-07-10,NIFTY NEXT 50,36051.54
2020-07-13,NIFTY NEXT 50,36142.63
2020-07-14,NIFTY NEXT 50,35787.83
2020-07-15,NIFTY NEXT 50,35618.09
2020-07-16,NIFTY NEXT 50,35728.59
2020-07-17,NIFTY NEXT 50,36314.78
2020-07-20,NIFTY NEXT 50,36521.19
2020-07-21,NIFTY NEXT 50,36584.34
2020-07-22,NIFTY NEXT 50,36385.08
2020-07-23,NIFTY NEXT 50,36681.66
2020-07-24,NIFTY NEXT 50,36266.25
2020-07-27,NIFTY NEXT 50,35982.29
2020-07-28,NIFTY NEXT 50,36223.81
2020-07-29,NIFTY NEXT 50,36393.58
2020-07-30,NIFTY NEXT 50,36575.84
2020-07-31,NIFTY NEXT 50,36983.27
2020-08-03,NIFTY NEXT 50,36808.34
2020-08-04,NIFTY NEXT 50,37044.47
2020-08-05,NIFTY NEXT 50,37012.89
2020-08-06,NIFTY NEXT 50,37274.79
2020-08-07,NIFTY NEXT 50,37365.73
2020-08-10,NIFTY NEXT 50,37910.55
2020-08-11,NIFTY NEXT 50,37725.98
2020-08-12,NIFTY NEXT 50,37710.95
2020-08-13,NIFTY NEXT 50,37900.97
2020-08-14,NIFTY NEXT 50,37549.22
2020-08-17,NIFTY NEXT 50,37674.62
2020-08-18,NIFTY NEXT 50,38111.53
2020-08-19,NIFTY NEXT 50,38169.44
2020-08-20,NIFTY NEXT 50,38139.41
2020-08-21,NIFTY NEXT 50,38257.68
2020-08-24,NIFTY NEXT 50,38263.18
2020-08-25,NIFTY NEXT 50,38297.24
2020-08-26,NIFTY NEXT 50,38321.24
2020-08-27,NIFTY NEXT 50,38482.36
2020-08-28,NIFTY NEXT 50,38603.63
2020-08-31,NIFTY NEXT 50,36957.75
2020-09-01,NIFTY NEXT 50,37396.9
2020-09-02,NIFTY NEXT 50,37817.22
2020-09-03,NIFTY NEXT 50,38046.23
2020-09-04,NIFTY NEXT 50,37345.36
2020-09-07,NIFTY NEXT 50,37222.05
2020-09-08,NIFTY NEXT 50,36969.55
2020-09-09,NIFTY NEXT 50,36907.99
2020-09-10,NIFTY NEXT 50,37266.64
2020-09-11,NIFTY NEXT 50,37597.52
2020-09-14,NIFTY NEXT 50,37552.68
2020-09-15,NIFTY NEXT 50,37913.09
2020-09-16,NIFTY NEXT 50,38092.58
2020-09-17,NIFTY NEXT 50,37881.62
2020-09-18,NIFTY NEXT 50,37973.42
2020-09-21,NIFTY NEXT 50,36762.24
2020-09-22,NIFTY NEXT 50,36329.82
2020-09-23,NIFTY NEXT 50,36236.78
2020-09-24,NIFTY NEXT 50,35418.86
2020-09-25,NIFTY NEXT 50,36385.22
2020-09-28,NIFTY NEXT 50,37202.87
2020-09-29,NIFTY NEXT 50,37030.69
2020-09-30,NIFTY NEXT 50,37262.59
2020-10-01,NIFTY NEXT 50,37561.31
2020-10-05,NIFTY NEXT 50,37658.26
2020-10-06,NIFTY NEXT 50,37798.87
2020-10-07,NIFTY NEXT 50,37704.67
2020-10-08,NIFTY NEXT 50,37889.41
2020-10-09,NIFTY NEXT 50,37780.93
2020-10-12,NIFTY NEXT 50,37625.28
2020-10-13,NIFTY NEXT 50,37468.71
2020-10-14,NIFTY NEXT 50,37743.95
2020-10-15,NIFTY NEXT 50,37107.98
2020-10-16,NIFTY NEXT 50,37430.03
2020-10-19,NIFTY NEXT 50,37738.81
2020-10-20,NIFTY NEXT 50,37814.97
2020-10-21,NIFTY NEXT 50,37726.32
2020-10-22,NIFTY NEXT 50,37699.58
2020-10-23,NIFTY NEXT 50,37811.57
2020-10-26,NIFTY NEXT 50,37301.42
2020-10-27,NIFTY NEXT 50,37855.52
2020-10-28,NIFTY NEXT 50,37544.04
2020-10-29,NIFTY NEXT 50,37723.31
2020-10-30,NIFTY NEXT 50,37710.72
2020-11-02,NIFTY NEXT 50,37843.84
2020-11-03,NIFTY NEXT 50,38062.48
2020-11-04,NIFTY NEXT 50,38317.34
2020-11-05,NIFTY NEXT 50,38940.0
2020-11-06,NIFTY NEXT 50,39078.57
2020-11-09,NIFTY NEXT 50,39645.61
2020-11-10,NIFTY NEXT 50,39371.77
2020-11-11,NIFTY NEXT 50,39835.05
2020-11-12,NIFTY NEXT 50,40069.87
2020-11-13,NIFTY NEXT 50,40433.43
2020-11-14,NIFTY NEXT 50,40617.04
2020-11-17,NIFTY NEXT 50,40956.37
2020-11-18,NIFTY NEXT 50,41100.97
2020-11-19,NIFTY NEXT 50,40809.67
2020-11-20,NIFTY NEXT 50,41324.36
2020-11-23,NIFTY NEXT 50,41724.95
2020-11-24,NIFTY NEXT 50,41941.45
2020-11-25,NIFTY NEXT 50,41305.2
2020-11-26,NIFTY NEXT 50,41677.66
2020-11-27,NIFTY NEXT 50,41882.48
2020-12-01,NIFTY NEXT 50,42435.16
2020-12-02,NIFTY NEXT 50,42791.13
2020-12-03,NIFTY NEXT 50,43242.42
2020-12-04,NIFTY NEXT 50,43407.72
2020-12-07,NIFTY NEXT 50,43802.07
2020-12-08,NIFTY NEXT 50,43787.81
2020-12-09,NIFTY NEXT 50,43798.58
2020-12-10,NIFTY NEXT 50,43975.93
2020-12-11,NIFTY NEXT 50,44083.8
2020-12-14,NIFTY NEXT 50,44242.15
2020-12-15,NIFTY NEXT 50,44144.46
2020-12-16,NIFTY NEXT 50,44380.75
2020-12-17,NIFTY NEXT 50,44225.99
2020-12-18,NIFTY NEXT 50,44296.36
2020-12-21,NIFTY NEXT 50,42762.07
2020-12-22,NIFTY NEXT 50,43377.58
2020-12-23,NIFTY NEXT 50,44112.81
2020-12-24,NIFTY NEXT 50,44276.75
2020-12-28,NIFTY NEXT 50,44666.84
2020-12-29,NIFTY NEXT 50,44639.83
2020-12-30,NIFTY NEXT 50,44823.31
2020-12-31,NIFTY NEXT 50,44884.27
2021-01-01,NIFTY NEXT 50,45239.65
2021-01-04,NIFTY NEXT 50,45951.7
2021-01-05,NIFTY NEXT 50,46693.27
2021-01-06,NIFTY NEXT 50,46605.93
2021-01-07,NIFTY NEXT 50,46790.76
2021-01-08,NIFTY NEXT 50,47400.58
2021-01-11,NIFTY NEXT 50,47576.73
2021-01-12,NIFTY NEXT 50,47444.99
2021-01-13,NIFTY NEXT 50,47158.89
2021-01-14,NIFTY NEXT 50,47383.2
2021-01-15,NIFTY NEXT 50,46641.08
2021-01-18,NIFTY NEXT 50,45783.24
2021-01-19,NIFTY NEXT 50,46564.1
2021-01-20,NIFTY NEXT 50,46829.47
2021-01-21,NIFTY NEXT 50,46411.32
2021-01-22,NIFTY NEXT 50,46031.06
2021-01-25,NIFTY NEXT 50,45673.92
2021-01-27,NIFTY NEXT 50,45072.4
2021-01-28,NIFTY NEXT 50,44897.79
2021-01-29,NIFTY NEXT 50,43834.24
2021-02-01,NIFTY NEXT 50,45102.32
2021-02-02,NIFTY NEXT 50,46021.39
2021-02-03,NIFTY NEXT 50,46240.97
2021-02-04,NIFTY NEXT 50,46983.7
2021-02-05,NIFTY NEXT 50,46661.77
2021-02-08,NIFTY NEXT 50,47178.78
2021-02-09,NIFTY NEXT 50,47154.0
2021-02-10,NIFTY NEXT 50,47343.33
2021-02-11,NIFTY NEXT 50,47706.96
2021-02-12,NIFTY NEXT 50,47825.24
2021-02-15,NIFTY NEXT 50,48337.03
2021-02-16,NIFTY NEXT 50,48529.61
2021-02-17,NIFTY NEXT 50,48628.98
2021-02-18,NIFTY NEXT 50,48866.58
2021-02-19,NIFTY NEXT 50,48217.06
2021-02-22,NIFTY NEXT 50,47437.09
2021-02-23,NIFTY NEXT 50,47769.41
2021-02-24,NIFTY NEXT 50,48024.66
2021-02-25,NIFTY NEXT 50,48343.34
2021-02-26,NIFTY NEXT 50,47279.07
2021-03-01,NIFTY NEXT 50,47729.0
2021-03-02,NIFTY NEXT 50,48556.8
2021-03-03,NIFTY NEXT 50,49332.3
2021-03-04,NIFTY NEXT 50,49421.71
2021-03-05,NIFTY NEXT 50,48704.77
2021-03-08,NIFTY NEXT 50,48623.01
2021-03-09,NIFTY NEXT 50,48247.6
2021-03-10,NIFTY NEXT 50,48549.88
2021-03-15,NIFTY NEXT 50,47839.82
2021-03-16,NIFTY NEXT 50,48063.53
2021-03-17,NIFTY NEXT 50,47118.57
2021-03-18,NIFTY NEXT 50,46557.42
2021-03-19,NIFTY NEXT 50,47090.35
2021-03-22,NIFTY NEXT 50,47556.04
2021-03-23,NIFTY NEXT 50,48135.54
2021-03-24,NIFTY NEXT 50,47413.89
2021-03-25,NIFTY NEXT 50,46369.41
2021-03-26,NIFTY NEXT 50,46933.78
2021-03-30,NIFTY NEXT 50,47114.25
2021-03-31,NIFTY NEXT 50,47248.21
2021-04-01,NIFTY NEXT 50,47957.81
2021-04-05,NIFTY NEXT 50,47516.94
2021-04-06,NIFTY NEXT 50,47991.68
2021-04-07,NIFTY NEXT 50,48466.14
2021-04-08,NIFTY NEXT 50,48830.98
2021-04-09,NIFTY NEXT 50,48883.19
2021-04-12,NIFTY NEXT 50,46609.06
2021-04-13,NIFTY NEXT 50,47092.31
2021-04-15,NIFTY NEXT 50,47382.27
2021-04-16,NIFTY NEXT 50,47890.26
2021-04-19,NIFTY NEXT 50,47069.88
2021-04-20,NIFTY NEXT 50,47280.17
2021-04-22,NIFTY NEXT 50,47350.49
2021-04-23,NIFTY NEXT 50,47408.55
2021-04-26,NIFTY NEXT 50,47647.47
2021-04-27,NIFTY NEXT 50,48016.73
2021-04-28,NIFTY NEXT 50,48311.96
2021-04-29,NIFTY NEXT 50,48295.38
2021-04-30,NIFTY NEXT 50,48064.49
2021-05-03,NIFTY NEXT 50,48479.78
2021-05-04,NIFTY NEXT 50,48288.86
2021-05-05,NIFTY NEXT 50,49083.56
2021-05-06,NIFTY NEXT 50,49362.22
2021-05-07,NIFTY NEXT 50,49527.12
2021-05-10,NIFTY NEXT 50,50043.2
2021-05-11,NIFTY NEXT 50,50150.15
2021-05-12,NIFTY NEXT 50,50212.69
2021-05-14,NIFTY NEXT 50,49496.53
2021-05-17,NIFTY NEXT 50,50121.0
2021-05-18,NIFTY NEXT 50,50790.1
2021-05-19,NIFTY NEXT 50,51123.59
2021-05-20,NIFTY NEXT 50,51094.92
2021-05-21,NIFTY NEXT 50,51313.8
2021-05-24,NIFTY NEXT 50,51682.16
2021-05-25,NIFTY NEXT 50,51500.41
2021-05-26,NIFTY NEXT 50,51435.48
2021-05-27,NIFTY NEXT 50,51675.67
2021-05-28,NIFTY NEXT 50,51714.27
2021-05-31,NIFTY NEXT 50,52176.36
2021-06-01,NIFTY NEXT 50,52120.41
2021-06-02,NIFTY NEXT 50,53077.17
2021-06-03,NIFTY NEXT 50,53570.05
2021-06-04,NIFTY NEXT 50,53816.45
2021-06-07,NIFTY NEXT 50,53862.85
2021-06-08,NIFTY NEXT 50,54068.49
2021-06-09,NIFTY NEXT 50,53567.98
2021-06-10,NIFTY NEXT 50,54221.87
2021-06-11,NIFTY NEXT 50,54342.44
2021-06-14,NIFTY NEXT 50,54103.34
2021-06-15,NIFTY NEXT 50,54278.68
2021-06-16,NIFTY NEXT 50,53776.75
2021-06-17,NIFTY NEXT 50,53281.25
2021-06-18,NIFTY NEXT 50,52998.89
2021-06-21,NIFTY NEXT 50,53463.57
2021-06-22,NIFTY NEXT 50,53726.54
2021-06-23,NIFTY NEXT 50,53292.11
2021-06-24,NIFTY NEXT 50,53037.47
2021-06-25,NIFTY NEXT 50,53400.63
2021-06-28,NIFTY NEXT 50,53609.4
2021-06-29,NIFTY NEXT 50,53512.63
2021-06-30,NIFTY NEXT 50,53284.45
2021-07-01,NIFTY NEXT 50,53482.92
2021-07-02,NIFTY NEXT 50,53332.86
2021-07-05,NIFTY NEXT 50,53668.06
2021-07-06,NIFTY NEXT 50,53682.16
2021-07-07,NIFTY NEXT 50,53908.65
2021-07-08,NIFTY NEXT 50,53803.84
2021-07-09,NIFTY NEXT 50,53893.02
2021-07-12,NIFTY NEXT 50,53938.56
2021-07-13,NIFTY NEXT 50,53833.48
2021-07-14,NIFTY NEXT 50,53834.2
2021-07-15,NIFTY NEXT 50,54011.25
2021-07-16,NIFTY NEXT 50,54269.23
2021-07-19,NIFTY NEXT 50,53923.77
2021-07-20,NIFTY NEXT 50,53565.67
2021-07-22,NIFTY NEXT 50,54512.33
2021-07-23,NIFTY NEXT 50,54446.71
2021-07-26,NIFTY NEXT 50,54500.64
2021-07-27,NIFTY NEXT 50,54173.92
2021-07-28,NIFTY NEXT 50,54274.51
2021-07-29,NIFTY NEXT 50,54315.92
2021-07-30,NIFTY NEXT 50,54550.04
2021-08-02,NIFTY NEXT 50,55050.03
2021-08-03,NIFTY NEXT 50,55509.8
2021-08-04,NIFTY NEXT 50,55113.09
2021-08-05,NIFTY NEXT 50,54992.52
2021-08-06,NIFTY NEXT 50,55111.26
2021-08-09,NIFTY NEXT 50,54858.43
2021-08-10,NIFTY NEXT 50,54637.59
2021-08-11,NIFTY NEXT 50,54513.89
2021-08-12,NIFTY NEXT 50,54681.14
2021-08-13,NIFTY NEXT 50,54749.14
2021-08-16,NIFTY NEXT 50,54814.56
2021-08-17,NIFTY NEXT 50,55101.68
2021-08-18,NIFTY NEXT 50,55409.21
2021-08-20,NIFTY NEXT 50,54588.88
2021-08-23,NIFTY NEXT 50,54370.73
2021-08-24,NIFTY NEXT 50,54899.81
2021-08-25,NIFTY NEXT 50,55153.69
2021-08-26,NIFTY NEXT 50,55318.8
2021-08-27,NIFTY NEXT 50,56013.81
2021-08-30,NIFTY NEXT 50,56879.73
2021-08-31,NIFTY NEXT 50,57651.82
2021-09-01,NIFTY NEXT 50,58070.69
2021-09-02,NIFTY NEXT 50,58664.19
2021-09-03,NIFTY NEXT 50,59001.65
2021-09-06,NIFTY NEXT 50,58924.59
2021-09-07,NIFTY NEXT 50,58722.44
2021-09-08,NIFTY NEXT 50,59042.9
2021-09-09,NIFTY NEXT 50,59300.3
2021-09-13,NIFTY NEXT 50,59484.66
2021-09-14,NIFTY NEXT 50,59671.05
2021-09-15,NIFTY NEXT 50,59906.98
2021-09-16,NIFTY NEXT 50,60332.42
2021-09-17,NIFTY NEXT 50,59836.95
2021-09-20,NIFTY NEXT 50,58724.05
2021-09-21,NIFTY NEXT 50,59237.89
2021-09-22,NIFTY NEXT 50,59560.07
2021-09-23,NIFTY NEXT 50,60225.82
2021-09-24,NIFTY NEXT 50,59718.31
2021-09-27,NIFTY NEXT 50,59549.3
2021-09-28,NIFTY NEXT 50,59137.53
2021-09-29,NIFTY NEXT 50,58819.05
2021-09-30,NIFTY NEXT 50,58781.34
2021-10-01,NIFTY NEXT 50,58961.36
2021-10-04,NIFTY NEXT 50,59857.11
2021-10-05,NIFTY NEXT 50,60096.6
2021-10-06,NIFTY NEXT 50,59523.89
2021-10-07,NIFTY NEXT 50,60150.44
2021-10-08,NIFTY NEXT 50,60011.28
2021-10-11,NIFTY NEXT 50,60280.92
2021-10-12,NIFTY NEXT 50,60735.4
2021-10-13,NIFTY NEXT 50,61324.04
2021-10-14,NIFTY NEXT 50,61851.21
2021-10-18,NIFTY NEXT 50,62004.77
2021-10-19,NIFTY NEXT 50,61141.23
2021-10-20,NIFTY NEXT 50,60083.41
2021-10-21,NIFTY NEXT 50,59639.15
2021-10-22,NIFTY NEXT 50,58808.96
2021-10-25,NIFTY NEXT 50,58297.42
2021-10-26,NIFTY NEXT 50,58985.81
2021-10-27,NIFTY NEXT 50,59294.12
2021-10-28,NIFTY NEXT 50,58037.45
2021-10-29,NIFTY NEXT 50,58381.27
2021-11-01,NIFTY NEXT 50,59119.99
2021-11-02,NIFTY NEXT 50,59146.07
2021-11-03,NIFTY NEXT 50,59483.03
2021-11-04,NIFTY NEXT 50,59797.78
2021-11-08,NIFTY NEXT 50,60584.16
2021-11-09,NIFTY NEXT 50,60838.02
2021-11-10,NIFTY NEXT 50,60944.13
2021-11-11,NIFTY NEXT 50,60689.59
2021-11-12,NIFTY NEXT 50,61428.9
2021-11-15,NIFTY NEXT 50,61594.97
2021-11-16,NIFTY NEXT 50,61495.05
2021-11-17,NIFTY NEXT 50,61429.37
2021-11-18,NIFTY NEXT 50,60560.22
2021-11-22,NIFTY NEXT 50,59434.04
2021-11-23,NIFTY NEXT 50,60327.73
2021-11-24,NIFTY NEXT 50,60005.59
2021-11-25,NIFTY NEXT 50,60523.04
2021-11-26,NIFTY NEXT 50,58693.88
2021-11-29,NIFTY NEXT 50,58155.63
2021-11-30,NIFTY NEXT 50,58014.94
2021-12-01,NIFTY NEXT 50,58348.42
2021-12-02,NIFTY NEXT 50,58926.26
2021-12-03,NIFTY NEXT 50,58808.2
2021-12-06,NIFTY NEXT 50,57673.86
2021-12-07,NIFTY NEXT 50,58547.13
2021-12-08,NIFTY NEXT 50,59305.57
2021-12-09,NIFTY NEXT 50,59430.61
2021-12-10,NIFTY NEXT 50,59661.26
2021-12-13,NIFTY NEXT 50,59372.55
2021-12-14,NIFTY NEXT 50,59566.79
2021-12-15,NIFTY NEXT 50,59074.93
2021-12-16,NIFTY NEXT 50,58871.14
2021-12-17,NIFTY NEXT 50,57503.45
2021-12-20,NIFTY NEXT 50,55876.87
2021-12-21,NIFTY NEXT 50,56930.76
2021-12-22,NIFTY NEXT 50,57711.88
2021-12-23,NIFTY NEXT 50,58328.58
2021-12-24,NIFTY NEXT 50,57719.6
2021-12-27,NIFTY NEXT 50,57872.0
2021-12-28,NIFTY NEXT 50,58393.38
2021-12-29,NIFTY NEXT 50,58260.58
2021-12-30,NIFTY NEXT 50,57849.64
2021-12-31,NIFTY NEXT 50,58740.65
2022-01-03,NIFTY NEXT 50,59202.28
2022-01-04,NIFTY NEXT 50,59211.52
2022-01-05,NIFTY NEXT 50,59495.49
2022-01-06,NIFTY NEXT 50,59341.32
2022-01-07,NIFTY NEXT 50,59587.19
2022-01-10,NIFTY NEXT 50,59820.88
2022-01-11,NIFTY NEXT 50,59794.48
2022-01-12,NIFTY NEXT 50,60240.3
2022-01-13,NIFTY NEXT 50,60508.83
2022-01-14,NIFTY NEXT 50,60596.53
2022-01-17,NIFTY NEXT 50,60824.13
2022-01-18,NIFTY NEXT 50,59774.03
2022-01-19,NIFTY NEXT 50,59731.83
2022-01-20,NIFTY NEXT 50,59690.18
2022-01-21,NIFTY NEXT 50,58697.12
2022-01-24,NIFTY NEXT 50,56517.78
2022-01-25,NIFTY NEXT 50,57050.31
2022-01-27,NIFTY NEXT 50,56077.03
2022-01-28,NIFTY NEXT 50,56541.62
2022-01-31,NIFTY NEXT 50,57187.39
2022-02-01,NIFTY NEXT 50,58179.98
2022-02-02,NIFTY NEXT 50,58796.02
2022-02-03,NIFTY NEXT 50,58491.29
2022-02-04,NIFTY NEXT 50,58461.79
2022-02-07,NIFTY NEXT 50,58070.52
2022-02-08,NIFTY NEXT 50,57802.58
2022-02-09,NIFTY NEXT 50,58456.54
2022-02-10,NIFTY NEXT 50,58700.43
2022-02-11,NIFTY NEXT 50,57848.05
2022-02-14,NIFTY NEXT 50,55916.48
2022-02-15,NIFTY NEXT 50,57272.51
2022-02-16,NIFTY NEXT 50,57160.27
2022-02-17,NIFTY NEXT 50,57313.01
2022-02-18,NIFTY NEXT 50,56707.01
2022-02-21,NIFTY NEXT 50,55966.32
2022-02-22,NIFTY NEXT 50,55854.17
2022-02-23,NIFTY NEXT 50,56323.96
2022-02-24,NIFTY NEXT 50,53163.3
2022-02-25,NIFTY NEXT 50,55175.08
2022-02-28,NIFTY NEXT 50,55791.72
2022-03-02,NIFTY NEXT 50,55808.16
2022-03-03,NIFTY NEXT 50,55733.77
2022-03-04,NIFTY NEXT 50,54385.12
2022-03-07,NIFTY NEXT 50,52953.94
2022-03-08,NIFTY NEXT 50,53752.02
2022-03-09,NIFTY NEXT 50,54591.3
2022-03-10,NIFTY NEXT 50,55648.59
2022-03-11,NIFTY NEXT 50,55922.46
2022-03-14,NIFTY NEXT 50,55717.0
2022-03-15,NIFTY NEXT 50,55197.41
2022-03-16,NIFTY NEXT 50,56447.39
2022-03-17,NIFTY NEXT 50,57280.2
2022-03-21,NIFTY NEXT 50,56549.42
2022-03-22,NIFTY NEXT 50,56645.23
2022-03-23,NIFTY NEXT 50,56768.23
2022-03-24,NIFTY NEXT 50,56875.81
2022-03-25,NIFTY NEXT 50,56898.91
2022-03-28,NIFTY NEXT 50,56720.93
2022-03-29,NIFTY NEXT 50,56996.24
2022-03-30,NIFTY NEXT 50,57360.36
2022-03-31,NIFTY NEXT 50,57445.19
2022-04-01,NIFTY NEXT 50,58337.52
2022-04-04,NIFTY NEXT 50,59269.85
2022-04-05,NIFTY NEXT 50,59758.14
2022-04-06,NIFTY NEXT 50,59977.85
2022-04-07,NIFTY NEXT 50,59801.57
2022-04-08,NIFTY NEXT 50,60726.33
2022-04-11,NIFTY NEXT 50,61330.5
2022-04-12,NIFTY NEXT 50,60637.28
2022-04-13,NIFTY NEXT 50,60723.53
2022-04-18,NIFTY NEXT 50,60507.54
2022-04-19,NIFTY NEXT 50,59404.79
2022-04-20,NIFTY NEXT 50,59701.89
2022-04-21,NIFTY NEXT 50,60461.05
2022-04-22,NIFTY NEXT 50,60011.55
2022-04-25,NIFTY NEXT 50,58834.04
2022-04-26,NIFTY NEXT 50,60215.07
2022-04-27,NIFTY NEXT 50,59421.76
2022-04-28,NIFTY NEXT 50,60234.43
2022-04-29,NIFTY NEXT 50,59462.52
2022-05-02,NIFTY NEXT 50,59248.91
2022-05-04,NIFTY NEXT 50,57545.02
2022-05-05,NIFTY NEXT 50,57647.52
2022-05-06,NIFTY NEXT 50,56429.0
2022-05-09,NIFTY NEXT 50,55338.82
2022-05-10,NIFTY NEXT 50,54102.01
2022-05-11,NIFTY NEXT 50,54039.84
2022-05-12,NIFTY NEXT 50,52683.66
2022-05-13,NIFTY NEXT 50,52448.26
2022-05-16,NIFTY NEXT 50,53240.52
2022-05-17,NIFTY NEXT 50,54602.04
2022-05-18,NIFTY NEXT 50,54631.77
2022-05-19,NIFTY NEXT 50,53136.97
2022-05-20,NIFTY NEXT 50,53932.8
2022-05-23,NIFTY NEXT 50,53464.38
2022-05-24,NIFTY NEXT 50,53014.55
2022-05-25,NIFTY NEXT 50,52113.78
2022-05-26,NIFTY NEXT 50,52835.03
2022-05-27,NIFTY NEXT 50,53192.29
2022-05-30,NIFTY NEXT 50,54459.52
2022-05-31,NIFTY NEXT 50,54509.84
2022-06-01,NIFTY NEXT 50,53997.92
2022-06-02,NIFTY NEXT 50,54281.5
2022-06-03,NIFTY NEXT 50,53502.73
2022-06-06,NIFTY NEXT 50,53347.02
2022-06-07,NIFTY NEXT 50,52899.36
2022-06-08,NIFTY NEXT 50,52734.13
2022-06-09,NIFTY NEXT 50,53160.6
2022-06-10,NIFTY NEXT 50,52676.87
2022-06-13,NIFTY NEXT 50,51536.61
2022-06-14,NIFTY NEXT 50,51700.96
2022-06-15,NIFTY NEXT 50,51813.77
2022-06-16,NIFTY NEXT 50,50741.24
2022-06-17,NIFTY NEXT 50,49927.68
2022-06-20,NIFTY NEXT 50,49559.83
2022-06-21,NIFTY NEXT 50,50925.57
2022-06-22,NIFTY NEXT 50,50004.5
2022-06-23,NIFTY NEXT 50,50599.35
2022-06-24,NIFTY NEXT 50,51264.65
2022-06-27,NIFTY NEXT 50,51637.25
2022-06-28,NIFTY NEXT 50,51713.98
2022-06-29,NIFTY NEXT 50,51352.73
2022-06-30,NIFTY NEXT 50,51121.08
2022-07-01,NIFTY NEXT 50,51675.36
2022-07-04,NIFTY NEXT 50,52197.31
2022-07-05,NIFTY NEXT 50,52250.94
2022-07-06,NIFTY NEXT 50,53135.66
2022-07-07,NIFTY NEXT 50,53593.29
2022-07-08,NIFTY NEXT 50,53749.97
2022-07-11,NIFTY NEXT 50,54597.34
2022-07-12,NIFTY NEXT 50,54414.78
2022-07-13,NIFTY NEXT 50,54395.82
2022-07-14,NIFTY NEXT 50,54370.97
2022-07-15,NIFTY NEXT 50,54585.43
2022-07-18,NIFTY NEXT 50,55317.63
2022-07-19,NIFTY NEXT 50,55585.24
2022-07-20,NIFTY NEXT 50,55687.36
2022-07-21,NIFTY NEXT 50,56515.02
2022-07-22,NIFTY NEXT 50,56305.55
2022-07-25,NIFTY NEXT 50,56246.0
2022-07-26,NIFTY NEXT 50,55539.51
2022-07-27,NIFTY NEXT 50,55996.23
2022-07-28,NIFTY NEXT 50,56668.07
2022-07-29,NIFTY NEXT 50,57381.42
2022-08-01,NIFTY NEXT 50,58223.24
2022-08-02,NIFTY NEXT 50,58477.14
2022-08-03,NIFTY NEXT 50,58252.71
2022-08-04,NIFTY NEXT 50,58548.51
2022-08-05,NIFTY NEXT 50,58491.47
2022-08-08,NIFTY NEXT 50,58786.01
2022-08-10,NIFTY NEXT 50,58582.1
2022-08-11,NIFTY NEXT 50,59114.91
2022-08-12,NIFTY NEXT 50,59278.01
2022-08-16,NIFTY NEXT 50,60213.41
2022-08-17,NIFTY NEXT 50,60825.04
2022-08-18,NIFTY NEXT 50,61201.4
2022-08-19,NIFTY NEXT 50,60579.05
2022-08-22,NIFTY NEXT 50,59460.71
2022-08-23,NIFTY NEXT 50,59750.11
2022-08-24,NIFTY NEXT 50,60106.43
2022-08-25,NIFTY NEXT 50,60124.19
2022-08-26,NIFTY NEXT 50,60436.12
2022-08-29,NIFTY NEXT 50,60075.16
2022-08-30,NIFTY NEXT 50,61389.15
2022-09-01,NIFTY NEXT 50,61395.71
2022-09-02,NIFTY NEXT 50,61282.98
2022-09-05,NIFTY NEXT 50,61211.62
2022-09-06,NIFTY NEXT 50,61608.98
2022-09-07,NIFTY NEXT 50,61824.99
2022-09-08,NIFTY NEXT 50,61990.68
2022-09-09,NIFTY NEXT 50,61952.08
2022-09-12,NIFTY NEXT 50,62690.4
2022-09-13,NIFTY NEXT 50,63101.93
2022-09-14,NIFTY NEXT 50,63389.36
2022-09-15,NIFTY NEXT 50,63782.78
2022-09-16,NIFTY NEXT 50,61928.8
2022-09-19,NIFTY NEXT 50,62132.41
2022-09-20,NIFTY NEXT 50,62830.92
2022-09-21,NIFTY NEXT 50,61827.34
2022-09-22,NIFTY NEXT 50,62103.08
2022-09-23,NIFTY NEXT 50,60990.26
2022-09-26,NIFTY NEXT 50,59333.93
2022-09-27,NIFTY NEXT 50,59490.92
2022-09-28,NIFTY NEXT 50,59120.09
2022-09-29,NIFTY NEXT 50,58931.07
2022-09-30,NIFTY NEXT 50,59543.82
2022-10-03,NIFTY NEXT 50,58176.67
2022-10-04,NIFTY NEXT 50,59538.12
2022-10-06,NIFTY NEXT 50,60010.68
2022-10-07,NIFTY NEXT 50,59910.83
2022-10-10,NIFTY NEXT 50,59413.19
2022-10-11,NIFTY NEXT 50,58320.56
2022-10-12,NIFTY NEXT 50,58788.31
2022-10-13,NIFTY NEXT 50,58212.81
2022-10-14,NIFTY NEXT 50,58001.85
2022-10-17,NIFTY NEXT 50,58378.34
2022-10-18,NIFTY NEXT 50,58980.73
2022-10-19,NIFTY NEXT 50,58908.96
2022-10-20,NIFTY NEXT 50,59479.73
2022-10-21,NIFTY NEXT 50,58689.87
2022-10-24,NIFTY NEXT 50,58878.75
2022-10-25,NIFTY NEXT 50,58882.67
2022-10-27,NIFTY NEXT 50,59563.86
2022-10-28,NIFTY NEXT 50,59274.75
2022-10-31,NIFTY NEXT 50,59897.81
2022-11-01,NIFTY NEXT 50,60509.37
2022-11-02,NIFTY NEXT 50,60382.02
2022-11-03,NIFTY NEXT 50,60460.28
2022-11-04,NIFTY NEXT 50,60572.19
2022-11-07,NIFTY NEXT 50,60835.31
2022-11-09,NIFTY NEXT 50,60716.09
2022-11-10,NIFTY NEXT 50,60123.57
2022-11-11,NIFTY NEXT 50,60701.11
2022-11-14,NIFTY NEXT 50,61025.58
2022-11-15,NIFTY NEXT 50,61127.76
2022-11-16,NIFTY NEXT 50,60679.89
2022-11-17,NIFTY NEXT 50,60223.15
2022-11-18,NIFTY NEXT 50,59894.46
2022-11-21,NIFTY NEXT 50,59565.24
2022-11-22,NIFTY NEXT 50,59708.26
2022-11-23,NIFTY NEXT 50,59822.27
2022-11-24,NIFTY NEXT 50,60051.68
2022-11-25,NIFTY NEXT 50,60217.31
2022-11-28,NIFTY NEXT 50,60349.33
2022-11-29,NIFTY NEXT 50,60655.48
2022-11-30,NIFTY NEXT 50,61415.7
2022-12-01,NIFTY NEXT 50,61654.06
2022-12-02,NIFTY NEXT 50,61742.73
2022-12-05,NIFTY NEXT 50,61636.9
2022-12-06,NIFTY NEXT 50,61582.03
2022-12-07,NIFTY NEXT 50,61702.93
2022-12-08,NIFTY NEXT 50,61950.68
2022-12-09,NIFTY NEXT 50,61571.35
2022-12-12,NIFTY NEXT 50,61583.01
2022-12-13,NIFTY NEXT 50,61481.0
2022-12-14,NIFTY NEXT 50,61766.03
2022-12-15,NIFTY NEXT 50,61213.57
2022-12-16,NIFTY NEXT 50,60429.44
2022-12-19,NIFTY NEXT 50,61029.99
2022-12-20,NIFTY NEXT 50,60911.57
2022-12-21,NIFTY NEXT 50,59940.69
2022-12-22,NIFTY NEXT 50,59501.67
2022-12-23,NIFTY NEXT 50,57291.03
2022-12-26,NIFTY NEXT 50,58639.05
2022-12-27,NIFTY NEXT 50,59238.9
2022-12-28,NIFTY NEXT 50,59410.47
2022-12-29,NIFTY NEXT 50,59397.95
2022-12-30,NIFTY NEXT 50,59306.73
2023-01-02,NIFTY NEXT 50,59392.09
2023-01-03,NIFTY NEXT 50,59653.39
2023-01-04,NIFTY NEXT 50,58847.84
2023-01-05,NIFTY NEXT 50,59254.49
2023-01-06,NIFTY NEXT 50,58819.91
2023-01-09,NIFTY NEXT 50,59295.57
2023-01-10,NIFTY NEXT 50,59079.89
2023-01-11,NIFTY NEXT 50,58888.14
2023-01-12,NIFTY NEXT 50,59013.24
2023-01-13,NIFTY NEXT 50,59257.22
2023-01-16,NIFTY NEXT 50,59218.87
2023-01-17,NIFTY NEXT 50,59269.94
2023-01-18,NIFTY NEXT 50,59274.93
2023-01-19,NIFTY NEXT 50,59069.78
2023-01-20,NIFTY NEXT 50,58848.16
2023-01-23,NIFTY NEXT 50,58939.26
2023-01-24,NIFTY NEXT 50,58790.81
2023-01-25,NIFTY NEXT 50,57315.08
2023-01-27,NIFTY NEXT 50,55181.33
2023-01-30,NIFTY NEXT 50,54552.24
2023-01-31,NIFTY NEXT 50,55123.37
2023-02-01,NIFTY NEXT 50,54231.59
2023-02-02,NIFTY NEXT 50,54103.27
2023-02-03,NIFTY NEXT 50,54096.12
2023-02-06,NIFTY NEXT 50,54396.34
2023-02-07,NIFTY NEXT 50,54311.7
2023-02-08,NIFTY NEXT 50,54799.32
2023-02-09,NIFTY NEXT 50,54526.82
2023-02-10,NIFTY NEXT 50,54495.66
2023-02-13,NIFTY NEXT 50,53710.22
2023-02-14,NIFTY NEXT 50,53650.74
2023-02-15,NIFTY NEXT 50,54031.1
2023-02-16,NIFTY NEXT 50,54420.92
2023-02-17,NIFTY NEXT 50,54082.27
2023-02-20,NIFTY NEXT 50,53913.3
2023-02-21,NIFTY NEXT 50,53813.37
2023-02-22,NIFTY NEXT 50,53053.41
2023-02-23,NIFTY NEXT 50,52825.83
2023-02-24,NIFTY NEXT 50,52782.55
2023-02-27,NIFTY NEXT 50,52288.48
2023-02-28,NIFTY NEXT 50,52428.35
2023-03-01,NIFTY NEXT 50,53039.3
2023-03-02,NIFTY NEXT 50,53009.68
2023-03-03,NIFTY NEXT 50,53491.66
2023-03-06,NIFTY NEXT 50,53917.41
2023-03-08,NIFTY NEXT 50,54129.51
2023-03-09,NIFTY NEXT 50,53734.01
2023-03-10,NIFTY NEXT 50,53609.27
2023-03-13,NIFTY NEXT 50,52921.91
2023-03-14,NIFTY NEXT 50,52613.1
2023-03-15,NIFTY NEXT 50,52582.79
2023-03-16,NIFTY NEXT 50,52899.72
2023-03-17,NIFTY NEXT 50,53192.77
2023-03-20,NIFTY NEXT 50,52814.41
2023-03-21,NIFTY NEXT 50,53118.86
2023-03-22,NIFTY NEXT 50,53462.8
2023-03-23,NIFTY NEXT 50,53245.36
2023-03-24,NIFTY NEXT 50,52848.14
2023-03-27,NIFTY NEXT 50,52574.13
2023-03-28,NIFTY NEXT 50,52078.85
2023-03-29,NIFTY NEXT 50,52500.46
2023-03-31,NIFTY NEXT 50,53231.02
2023-04-03,NIFTY NEXT 50,53362.81
2023-04-05,NIFTY NEXT 50,53648.69
2023-04-06,NIFTY NEXT 50,53779.26
2023-04-10,NIFTY NEXT 50,53933.77
2023-04-11,NIFTY NEXT 50,54050.51
2023-04-12,NIFTY NEXT 50,54306.28
2023-04-13,NIFTY NEXT 50,54215.88
2023-04-17,NIFTY NEXT 50,54450.75
2023-04-18,NIFTY NEXT 50,54651.65
2023-04-19,NIFTY NEXT 50,54164.09
2023-04-20,NIFTY NEXT 50,54186.18
2023-04-21,NIFTY NEXT 50,54116.31
2023-04-24,NIFTY NEXT 50,54321.86
2023-04-25,NIFTY NEXT 50,54556.49
2023-04-26,NIFTY NEXT 50,54767.5
2023-04-27,NIFTY NEXT 50,54914.83
2023-04-28,NIFTY NEXT 50,55650.28
2023-05-02,NIFTY NEXT 50,56016.9
2023-05-03,NIFTY NEXT 50,56116.43
2023-05-04,NIFTY NEXT 50,56469.92
2023-05-05,NIFTY NEXT 50,56463.0
2023-05-08,NIFTY NEXT 50,56848.67
2023-05-09,NIFTY NEXT 50,56789.8
2023-05-10,NIFTY NEXT 50,57111.22
2023-05-11,NIFTY NEXT 50,57555.54
2023-05-12,NIFTY NEXT 50,57462.71
2023-05-15,NIFTY NEXT 50,57735.91
2023-05-16,NIFTY NEXT 50,57816.17
2023-05-17,NIFTY NEXT 50,57491.32
2023-05-18,NIFTY NEXT 50,56919.47
2023-05-19,NIFTY NEXT 50,57117.87
2023-05-22,NIFTY NEXT 50,57649.37
2023-05-23,NIFTY NEXT 50,57771.74
2023-05-24,NIFTY NEXT 50,57734.71
2023-05-25,NIFTY NEXT 50,58057.67
2023-05-26,NIFTY NEXT 50,58721.71
2023-05-29,NIFTY NEXT 50,59060.64
2023-05-30,NIFTY NEXT 50,59089.83
2023-05-31,NIFTY NEXT 50,59235.32
2023-06-01,NIFTY NEXT 50,59387.54
2023-06-02,NIFTY NEXT 50,59644.07
2023-06-05,NIFTY NEXT 50,59742.64
2023-06-06,NIFTY NEXT 50,60018.42
2023-06-07,NIFTY NEXT 50,60598.94
2023-06-08,NIFTY NEXT 50,60197.2
2023-06-09,NIFTY NEXT 50,60139.65
2023-06-12,NIFTY NEXT 50,60425.69
2023-06-13,NIFTY NEXT 50,61000.94
2023-06-14,NIFTY NEXT 50,61142.72
2023-06-15,NIFTY NEXT 50,61163.3
2023-06-16,NIFTY NEXT 50,61787.56
2023-06-19,NIFTY NEXT 50,61686.01
2023-06-20,NIFTY NEXT 50,61913.79
2023-06-21,NIFTY NEXT 50,61884.66
2023-06-22,NIFTY NEXT 50,61153.87
2023-06-23,NIFTY NEXT 50,60376.7
2023-06-26,NIFTY NEXT 50,60621.23
2023-06-27,NIFTY NEXT 50,60883.4
2023-06-28,NIFTY NEXT 50,61268.02
2023-06-30,NIFTY NEXT 50,61670.74
2023-07-03,NIFTY NEXT 50,61916.81
2023-07-04,NIFTY NEXT 50,61681.87
2023-07-05,NIFTY NEXT 50,62174.97
2023-07-06,NIFTY NEXT 50,62547.2
2023-07-07,NIFTY NEXT 50,62039.34
2023-07-10,NIFTY NEXT 50,61715.69
2023-07-11,NIFTY NEXT 50,62182.31
2023-07-12,NIFTY NEXT 50,62340.35
2023-07-13,NIFTY NEXT 50,61938.51
2023-07-14,NIFTY NEXT 50,62410.41
2023-07-17,NIFTY NEXT 50,62589.7
2023-07-18,NIFTY NEXT 50,62322.34
2023-07-19,NIFTY NEXT 50,62652.16
2023-07-20,NIFTY NEXT 50,62562.43
2023-07-21,NIFTY NEXT 50,62337.49
2023-07-24,NIFTY NEXT 50,62326.26
2023-07-25,NIFTY NEXT 50,62653.2
2023-07-26,NIFTY NEXT 50,62879.96
2023-07-27,NIFTY NEXT 50,63069.33
2023-07-28,NIFTY NEXT 50,63748.68
2023-07-31,NIFTY NEXT 50,63918.9
2023-08-01,NIFTY NEXT 50,63888.0
2023-08-02,NIFTY NEXT 50,63016.54
2023-08-03,NIFTY NEXT 50,62690.09
2023-08-04,NIFTY NEXT 50,63188.58
2023-08-07,NIFTY NEXT 50,63292.23
2023-08-08,NIFTY NEXT 50,63292.75
2023-08-09,NIFTY NEXT 50,63447.08
2023-08-10,NIFTY NEXT 50,63063.15
2023-08-11,NIFTY NEXT 50,62918.74
2023-08-14,NIFTY NEXT 50,62132.34
2023-08-16,NIFTY NEXT 50,62133.75
2023-08-17,NIFTY NEXT 50,61979.71
2023-08-18,NIFTY NEXT 50,61689.68
2023-08-21,NIFTY NEXT 50,62188.06
2023-08-22,NIFTY NEXT 50,62598.49
2023-08-23,NIFTY NEXT 50,62628.88
2023-08-24,NIFTY NEXT 50,62860.02
2023-08-25,NIFTY NEXT 50,62272.45
2023-08-28,NIFTY NEXT 50,62609.86
2023-08-29,NIFTY NEXT 50,62981.32
2023-08-30,NIFTY NEXT 50,63198.62
2023-08-31,NIFTY NEXT 50,62735.66
2023-09-01,NIFTY NEXT 50,63278.39
2023-09-04,NIFTY NEXT 50,63845.18
2023-09-05,NIFTY NEXT 50,63976.67
2023-09-06,NIFTY NEXT 50,64279.0
2023-09-07,NIFTY NEXT 50,64605.56
2023-09-08,NIFTY NEXT 50,65130.21
2023-09-11,NIFTY NEXT 50,65801.02
2023-09-12,NIFTY NEXT 50,64289.19
2023-09-13,NIFTY NEXT 50,64487.04
2023-09-14,NIFTY NEXT 50,64933.07
2023-09-15,NIFTY NEXT 50,65046.99
2023-09-18,NIFTY NEXT 50,65010.5
2023-09-20,NIFTY NEXT 50,64437.9
2023-09-21,NIFTY NEXT 50,63887.83
2023-09-22,NIFTY NEXT 50,63809.84
2023-09-25,NIFTY NEXT 50,63661.49
2023-09-26,NIFTY NEXT 50,63785.68
2023-09-27,NIFTY NEXT 50,63875.68
2023-09-28,NIFTY NEXT 50,62934.48
2023-09-29,NIFTY NEXT 50,63623.68
2023-10-03,NIFTY NEXT 50,63835.7
2023-10-04,NIFTY NEXT 50,62951.5
2023-10-05,NIFTY NEXT 50,63105.25
2023-10-06,NIFTY NEXT 50,63501.87
2023-10-09,NIFTY NEXT 50,62734.3
2023-10-10,NIFTY NEXT 50,63580.67
2023-10-11,NIFTY NEXT 50,63906.81
2023-10-12,NIFTY NEXT 50,64055.08
2023-10-13,NIFTY NEXT 50,63982.0
2023-10-16,NIFTY NEXT 50,64167.29
2023-10-17,NIFTY NEXT 50,64400.83
2023-10-18,NIFTY NEXT 50,63741.8
2023-10-19,NIFTY NEXT 50,63535.88
2023-10-20,NIFTY NEXT 50,62932.87
2023-10-23,NIFTY NEXT 50,61713.83
2023-10-25,NIFTY NEXT 50,61337.95
2023-10-26,NIFTY NEXT 50,60738.73
2023-10-27,NIFTY NEXT 50,61935.63
2023-10-30,NIFTY NEXT 50,62033.3
2023-10-31,NIFTY NEXT 50,62192.21
2023-11-01,NIFTY NEXT 50,61858.84
2023-11-02,NIFTY NEXT 50,62802.6
2023-11-03,NIFTY NEXT 50,63415.58
2023-11-06,NIFTY NEXT 50,63939.45
2023-11-07,NIFTY NEXT 50,64464.0
2023-11-08,NIFTY NEXT 50,64890.38
2023-11-09,NIFTY NEXT 50,64567.76
2023-11-10,NIFTY NEXT 50,64665.56
2023-11-12,NIFTY NEXT 50,64974.95
2023-11-13,NIFTY NEXT 50,65036.79
2023-11-15,NIFTY NEXT 50,65657.45
2023-11-16,NIFTY NEXT 50,65892.24
2023-11-17,NIFTY NEXT 50,66256.01
2023-11-20,NIFTY NEXT 50,66084.32
2023-11-21,NIFTY NEXT 50,66086.26
2023-11-22,NIFTY NEXT 50,65835.71
2023-11-23,NIFTY NEXT 50,66025.89
2023-11-24,NIFTY NEXT 50,65929.96
2023-11-28,NIFTY NEXT 50,66713.9
2023-11-29,NIFTY NEXT 50,67174.45
2023-11-30,NIFTY NEXT 50,67928.23
2023-12-01,NIFTY NEXT 50,68587.42
2023-12-04,NIFTY NEXT 50,69914.85
2023-12-05,NIFTY NEXT 50,70639.92
2023-12-06,NIFTY NEXT 50,71460.35
2023-12-07,NIFTY NEXT 50,72030.75
2023-12-08,NIFTY NEXT 50,71589.63
2023-12-11,NIFTY NEXT 50,72340.66
2023-12-12,NIFTY NEXT 50,71878.84
2023-12-13,NIFTY NEXT 50,72529.97
2023-12-14,NIFTY NEXT 50,73452.21
2023-12-15,NIFTY NEXT 50,73497.36
2023-12-18,NIFTY NEXT 50,73983.48
2023-12-19,NIFTY NEXT 50,74105.37
2023-12-20,NIFTY NEXT 50,71923.3
2023-12-21,NIFTY NEXT 50,72879.61
2023-12-22,NIFTY NEXT 50,73478.47
2023-12-26,NIFTY NEXT 50,74172.77
2023-12-27,NIFTY NEXT 50,74519.89
2023-12-28,NIFTY NEXT 50,74921.43
2023-12-29,NIFTY NEXT 50,75459.98
2024-01-01,NIFTY NEXT 50,75551.91
2024-01-02,NIFTY NEXT 50,75364.75
2024-01-03,NIFTY NEXT 50,75934.63
2024-01-04,NIFTY NEXT 50,76896.0
2024-01-05,NIFTY NEXT 50,76804.49
2024-01-08,NIFTY NEXT 50,76003.35
2024-01-09,NIFTY NEXT 50,76331.12
2024-01-10,NIFTY NEXT 50,76496.66
2024-01-11,NIFTY NEXT 50,77229.3
2024-01-12,NIFTY NEXT 50,77437.71
2024-01-15,NIFTY NEXT 50,77711.77
2024-01-16,NIFTY NEXT 50,77542.4
2024-01-17,NIFTY NEXT 50,76678.55
2024-01-18,NIFTY NEXT 50,76313.79
2024-01-19,NIFTY NEXT 50,77389.72
2024-01-20,NIFTY NEXT 50,77415.5
2024-01-23,NIFTY NEXT 50,75389.14
2024-01-24,NIFTY NEXT 50,76681.49
2024-01-25,NIFTY NEXT 50,76799.48
2024-01-29,NIFTY NEXT 50,77819.22
2024-01-30,NIFTY NEXT 50,77559.68
2024-01-31,NIFTY NEXT 50,78228.92
2024-02-01,NIFTY NEXT 50,78528.92
2024-02-02,NIFTY NEXT 50,79139.36
2024-02-05,NIFTY NEXT 50,78756.75
2024-02-06,NIFTY NEXT 50,79895.34
2024-02-07,NIFTY NEXT 50,81203.63
2024-02-08,NIFTY NEXT 50,81594.61
2024-02-09,NIFTY NEXT 50,81287.01
2024-02-12,NIFTY NEXT 50,79726.6
2024-02-13,NIFTY NEXT 50,80532.46
2024-02-14,NIFTY NEXT 50,81635.64
2024-02-15,NIFTY NEXT 50,82362.56
2024-02-16,NIFTY NEXT 50,82929.08
2024-02-19,NIFTY NEXT 50,83019.92
2024-02-20,NIFTY NEXT 50,83118.68
2024-02-21,NIFTY NEXT 50,82669.99
2024-02-22,NIFTY NEXT 50,83537.22
2024-02-23,NIFTY NEXT 50,83764.64
2024-02-26,NIFTY NEXT 50,83828.07
2024-02-27,NIFTY NEXT 50,83760.25
2024-02-28,NIFTY NEXT 50,82679.31
2024-02-29,NIFTY NEXT 50,83534.63
2024-03-01,NIFTY NEXT 50,84264.45
2024-03-02,NIFTY NEXT 50,84656.62
2024-03-04,NIFTY NEXT 50,84883.94
2024-03-05,NIFTY NEXT 50,84936.52
2024-03-06,NIFTY NEXT 50,84704.18
2024-03-07,NIFTY NEXT 50,85437.56
2024-03-11,NIFTY NEXT 50,85419.53
2024-03-13,NIFTY NEXT 50,80941.67
2024-03-14,NIFTY NEXT 50,82882.97
2024-03-15,NIFTY NEXT 50,82229.47
2024-03-18,NIFTY NEXT 50,82743.9
2024-03-19,NIFTY NEXT 50,81309.03
2024-03-20,NIFTY NEXT 50,81562.17
2024-03-21,NIFTY NEXT 50,83455.83
2024-03-22,NIFTY NEXT 50,83850.93
2024-03-26,NIFTY NEXT 50,84718.78
2024-03-27,NIFTY NEXT 50,84874.89
2024-03-28,NIFTY NEXT 50,85914.21
2024-04-01,NIFTY NEXT 50,87345.98
2024-04-02,NIFTY NEXT 50,88223.91
2024-04-03,NIFTY NEXT 50,88464.33
2024-04-04,NIFTY NEXT 50,88089.89
2024-04-05,NIFTY NEXT 50,88851.18
2024-04-08,NIFTY NEXT 50,89272.74
2024-04-09,NIFTY NEXT 50,88989.99
2024-04-10,NIFTY NEXT 50,89743.05
2024-04-12,NIFTY NEXT 50,89377.98
2024-04-15,NIFTY NEXT 50,87876.19
2024-04-16,NIFTY NEXT 50,87946.14
2024-04-18,NIFTY NEXT 50,87849.32
2024-04-19,NIFTY NEXT 50,87705.76
2024-04-22,NIFTY NEXT 50,88833.52
2024-04-23,NIFTY NEXT 50,88996.34
2024-04-24,NIFTY NEXT 50,89674.94
2024-04-25,NIFTY NEXT 50,90280.15
2024-04-26,NIFTY NEXT 50,90889.71
2024-04-29,NIFTY NEXT 50,91390.62
2024-04-30,NIFTY NEXT 50,91975.16
2024-05-02,NIFTY NEXT 50,93545.87
2024-05-03,NIFTY NEXT 50,93214.06
2024-05-06,NIFTY NEXT 50,92033.35
2024-05-07,NIFTY NEXT 50,90616.03
2024-05-08,NIFTY NEXT 50,91816.28
2024-05-09,NIFTY NEXT 50,89870.17
2024-05-10,NIFTY NEXT 50,90611.53
2024-05-13,NIFTY NEXT 50,91207.09
2024-05-14,NIFTY NEXT 50,92571.96
2024-05-15,NIFTY NEXT 50,93052.37
2024-05-16,NIFTY NEXT 50,94011.36
2024-05-17,NIFTY NEXT 50,95123.93
2024-05-18,NIFTY NEXT 50,95906.28
2024-05-21,NIFTY NEXT 50,96735.21
2024-05-22,NIFTY NEXT 50,96883.91
2024-05-23,NIFTY NEXT 50,97580.85
2024-05-24,NIFTY NEXT 50,97883.56
2024-05-27,NIFTY NEXT 50,98029.66
2024-05-28,NIFTY NEXT 50,97192.05
2024-05-29,NIFTY NEXT 50,96518.4
2024-05-30,NIFTY NEXT 50,95508.43
2024-05-31,NIFTY NEXT 50,95755.87
2024-06-03,NIFTY NEXT 50,100141.25
2024-06-04,NIFTY NEXT 50,90784.99
2024-06-05,NIFTY NEXT 50,94774.22
2024-06-06,NIFTY NEXT 50,96743.92
2024-06-07,NIFTY NEXT 50,98166.09
2024-06-10,NIFTY NEXT 50,98906.9
2024-06-11,NIFTY NEXT 50,98813.42
2024-06-12,NIFTY NEXT 50,99555.74
2024-06-13,NIFTY NEXT 50,100464.99
2024-06-14,NIFTY NEXT 50,101959.18
2024-06-18,NIFTY NEXT 50,102602.43
2024-06-19,NIFTY NEXT 50,101455.1
2024-06-20,NIFTY NEXT 50,101590.51
2024-06-21,NIFTY NEXT 50,100876.23
2024-06-24,NIFTY NEXT 50,101628.71
2024-06-25,NIFTY NEXT 50,101229.55
2024-06-26,NIFTY NEXT 50,101052.19
2024-06-27,NIFTY NEXT 50,101200.9
2024-06-28,NIFTY NEXT 50,101490.43
2024-07-01,NIFTY NEXT 50,102446.54
2024-07-02,NIFTY NEXT 50,101893.52
2024-07-03,NIFTY NEXT 50,102996.73
2024-07-04,NIFTY NEXT 50,103499.62
2024-07-05,NIFTY NEXT 50,104206.83
2024-07-08,NIFTY NEXT 50,104323.53
2024-07-09,NIFTY NEXT 50,104827.05
2024-07-10,NIFTY NEXT 50,104875.22
2024-07-11,NIFTY NEXT 50,105104.7
2024-07-12,NIFTY NEXT 50,104647.23
2024-07-15,NIFTY NEXT 50,105548.82
2024-07-16,NIFTY NEXT 50,104916.37
2024-07-18,NIFTY NEXT 50,103767.87
2024-07-19,NIFTY NEXT 50,101287.99
2024-07-22,NIFTY NEXT 50,102584.01
2024-07-23,NIFTY NEXT 50,101687.81
2024-07-24,NIFTY NEXT 50,102000.77
2024-07-25,NIFTY NEXT 50,102519.81
2024-07-26,NIFTY NEXT 50,104230.4
2024-07-29,NIFTY NEXT 50,105495.23
2024-07-30,NIFTY NEXT 50,105392.32
2024-07-31,NIFTY NEXT 50,106222.33
2024-08-01,NIFTY NEXT 50,105521.48
2024-08-02,NIFTY NEXT 50,104180.06
2024-08-05,NIFTY NEXT 50,100787.29
2024-08-06,NIFTY NEXT 50,99857.41
2024-08-07,NIFTY NEXT 50,102867.84
2024-08-08,NIFTY NEXT 50,102050.37
2024-08-09,NIFTY NEXT 50,103340.1
2024-08-12,NIFTY NEXT 50,102935.67
2024-08-13,NIFTY NEXT 50,101764.05
2024-08-14,NIFTY NEXT 50,101833.78
2024-08-16,NIFTY NEXT 50,103691.57
2024-08-19,NIFTY NEXT 50,104299.33
2024-08-20,NIFTY NEXT 50,105153.08
2024-08-21,NIFTY NEXT 50,105458.95
2024-08-22,NIFTY NEXT 50,106149.31
2024-08-23,NIFTY NEXT 50,105792.6
2024-08-26,NIFTY NEXT 50,106311.88
2024-08-27,NIFTY NEXT 50,106425.85
2024-08-28,NIFTY NEXT 50,106757.98
2024-08-29,NIFTY NEXT 50,106493.28
2024-08-30,NIFTY NEXT 50,107060.39
2024-09-02,NIFTY NEXT 50,107139.99
2024-09-03,NIFTY NEXT 50,107250.76
2024-09-04,NIFTY NEXT 50,107303.21
2024-09-05,NIFTY NEXT 50,107353.56
2024-09-06,NIFTY NEXT 50,105897.3
2024-09-09,NIFTY NEXT 50,106055.03
2024-09-10,NIFTY NEXT 50,106289.26
2024-09-11,NIFTY NEXT 50,105745.5
2024-09-12,NIFTY NEXT 50,107297.27
2024-09-13,NIFTY NEXT 50,107270.5
2024-09-16,NIFTY NEXT 50,107322.77
2024-09-17,NIFTY NEXT 50,107032.5
2024-09-18,NIFTY NEXT 50,106571.66
2024-09-19,NIFTY NEXT 50,105836.99
2024-09-20,NIFTY NEXT 50,107347.75
2024-09-23,NIFTY NEXT 50,109090.8
2024-09-24,NIFTY NEXT 50,109227.73
2024-09-25,NIFTY NEXT 50,108824.72
2024-09-26,NIFTY NEXT 50,109634.77
2024-09-27,NIFTY NEXT 50,110667.73
2024-09-30,NIFTY NEXT 50,109646.4
2024-10-01,NIFTY NEXT 50,109915.63
2024-10-03,NIFTY NEXT 50,107304.2
2024-10-04,NIFTY NEXT 50,106126.57
2024-10-07,NIFTY NEXT 50,103657.65
2024-10-08,NIFTY NEXT 50,106093.9
2024-10-09,NIFTY NEXT 50,107246.61
2024-10-10,NIFTY NEXT 50,107062.16
2024-10-11,NIFTY NEXT 50,107204.9
2024-10-14,NIFTY NEXT 50,107593.52
2024-10-15,NIFTY NEXT 50,107889.53
2024-10-16,NIFTY NEXT 50,107659.6
2024-10-17,NIFTY NEXT 50,105254.68
2024-10-18,NIFTY NEXT 50,105654.19
2024-10-21,NIFTY NEXT 50,104228.03
2024-10-22,NIFTY NEXT 50,101203.42
2024-10-23,NIFTY NEXT 50,100813.8
2024-10-24,NIFTY NEXT 50,100730.67
2024-10-25,NIFTY NEXT 50,99162.19
2024-10-28,NIFTY NEXT 50,99615.85
2024-10-29,NIFTY NEXT 50,100338.24
2024-10-30,NIFTY NEXT 50,99954.17
2024-10-31,NIFTY NEXT 50,99456.97
2024-11-01,NIFTY NEXT 50,100152.61
2024-11-04,NIFTY NEXT 50,98754.87
2024-11-05,NIFTY NEXT 50,99294.32
2024-11-06,NIFTY NEXT 50,101559.62
2024-11-07,NIFTY NEXT 50,100492.82
2024-11-08,NIFTY NEXT 50,99296.53
2024-11-11,NIFTY NEXT 50,99580.57
2024-11-12,NIFTY NEXT 50,97412.31
2024-11-13,NIFTY NEXT 50,95494.66
2024-11-14,NIFTY NEXT 50,95938.34
2024-11-18,NIFTY NEXT 50,96028.44
2024-11-19,NIFTY NEXT 50,96465.42
2024-11-21,NIFTY NEXT 50,95027.79
2024-11-22,NIFTY NEXT 50,96808.95
2024-11-25,NIFTY NEXT 50,98723.23
2024-11-26,NIFTY NEXT 50,98978.87
2024-11-27,NIFTY NEXT 50,99922.95
2024-11-28,NIFTY NEXT 50,100021.02
2024-11-29,NIFTY NEXT 50,100693.86
2024-12-02,NIFTY NEXT 50,101316.7
2024-12-03,NIFTY NEXT 50,102350.86
2024-12-04,NIFTY NEXT 50,102855.02
2024-12-05,NIFTY NEXT 50,103199.84
2024-12-06,NIFTY NEXT 50,103987.66
2024-12-09,NIFTY NEXT 50,103514.56
2024-12-10,NIFTY NEXT 50,104067.44
2024-12-11,NIFTY NEXT 50,104346.06
2024-12-12,NIFTY NEXT 50,104047.71
2024-12-13,NIFTY NEXT 50,103881.62
2024-12-16,NIFTY NEXT 50,104151.61
2024-12-17,NIFTY NEXT 50,102774.1
2024-12-18,NIFTY NEXT 50,101438.67
2024-12-19,NIFTY NEXT 50,100549.79
2024-12-20,NIFTY NEXT 50,97812.0
2024-12-23,NIFTY NEXT 50,98077.23
2024-12-24,NIFTY NEXT 50,98109.1
2024-12-26,NIFTY NEXT 50,98548.78
2024-12-27,NIFTY NEXT 50,97681.48
2024-12-30,NIFTY NEXT 50,96978.55
2024-12-31,NIFTY NEXT 50,96871.08
2025-01-01,NIFTY NEXT 50,97240.94
2025-01-02,NIFTY NEXT 50,98460.1
2025-01-03,NIFTY NEXT 50,98586.64
2025-01-06,NIFTY NEXT 50,95458.27
2025-01-07,NIFTY NEXT 50,95375.76
2025-01-08,NIFTY NEXT 50,94611.63
2025-01-09,NIFTY NEXT 50,93407.09
2025-01-10,NIFTY NEXT 50,91554.72
2025-01-13,NIFTY NEXT 50,87600.07
2025-01-14,NIFTY NEXT 50,89883.4
2025-01-15,NIFTY NEXT 50,90674.81
2025-01-16,NIFTY NEXT 50,91992.67
2025-01-17,NIFTY NEXT 50,92689.53
2025-01-20,NIFTY NEXT 50,92764.45
2025-01-21,NIFTY NEXT 50,90342.26
2025-01-22,NIFTY NEXT 50,89576.06
2025-01-23,NIFTY NEXT 50,90479.65
2025-01-24,NIFTY NEXT 50,89046.59
2025-01-27,NIFTY NEXT 50,86534.41
2025-01-28,NIFTY NEXT 50,86792.58
2025-01-29,NIFTY NEXT 50,88545.23
2025-01-30,NIFTY NEXT 50,88622.09
2025-01-31,NIFTY NEXT 50,89962.99
2025-02-01,NIFTY NEXT 50,90498.47
2025-02-03,NIFTY NEXT 50,89267.7
2025-02-04,NIFTY NEXT 50,90641.81
2025-02-05,NIFTY NEXT 50,91235.18
2025-02-06,NIFTY NEXT 50,90556.6
2025-02-07,NIFTY NEXT 50,90580.88
2025-02-10,NIFTY NEXT 50,88924.81
2025-02-11,NIFTY NEXT 50,86697.74
2025-02-12,NIFTY NEXT 50,86695.94
2025-02-13,NIFTY NEXT 50,86886.29
2025-02-14,NIFTY NEXT 50,84926.35
2025-02-17,NIFTY NEXT 50,84767.48
2025-02-18,NIFTY NEXT 50,84790.44
2025-02-19,NIFTY NEXT 50,85798.8
2025-02-20,NIFTY NEXT 50,87061.4
2025-02-21,NIFTY NEXT 50,86245.07
2025-02-24,NIFTY NEXT 50,85226.42
2025-02-25,NIFTY NEXT 50,84598.72
2025-02-27,NIFTY NEXT 50,83820.91
2025-02-28,NIFTY NEXT 50,81410.53
2025-03-03,NIFTY NEXT 50,82243.31
2025-03-04,NIFTY NEXT 50,82699.9
2025-03-05,NIFTY NEXT 50,84804.02
2025-03-06,NIFTY NEXT 50,85763.74
2025-03-07,NIFTY NEXT 50,85390.2
2025-03-10,NIFTY NEXT 50,84133.97
2025-03-11,NIFTY NEXT 50,84564.98
2025-03-13,NIFTY NEXT 50,84139.82
2025-03-17,NIFTY NEXT 50,84753.97
2025-03-18,NIFTY NEXT 50,86986.46
2025-03-19,NIFTY NEXT 50,88407.78
2025-03-20,NIFTY NEXT 50,88915.65
2025-03-21,NIFTY NEXT 50,89701.19
2025-03-24,NIFTY NEXT 50,90817.93
2025-03-25,NIFTY NEXT 50,89484.14
2025-03-26,NIFTY NEXT 50,89164.62
2025-03-27,NIFTY NEXT 50,90566.08
2025-03-28,NIFTY NEXT 50,90002.01
2025-04-01,NIFTY NEXT 50,89043.92
2025-04-02,NIFTY NEXT 50,90064.66
2025-04-03,NIFTY NEXT 50,90094.05
2025-04-04,NIFTY NEXT 50,87761.66
2025-04-07,NIFTY NEXT 50,85016.78
2025-04-08,NIFTY NEXT 50,86817.67
2025-04-09,NIFTY NEXT 50,86613.61
2025-04-11,NIFTY NEXT 50,87768.57
2025-04-15,NIFTY NEXT 50,90482.39
2025-04-16,NIFTY NEXT 50,91088.05
2025-04-17,NIFTY NEXT 50,91740.58
2025-04-21,NIFTY NEXT 50,93383.4
2025-04-22,NIFTY NEXT 50,93586.41
2025-04-23,NIFTY NEXT 50,94230.68
2025-04-24,NIFTY NEXT 50,94089.57
2025-04-25,NIFTY NEXT 50,91825.31
2025-04-28,NIFTY NEXT 50,92865.5
2025-04-29,NIFTY NEXT 50,92649.74
2025-04-30,NIFTY NEXT 50,92102.24
2025-05-02,NIFTY NEXT 50,91996.44
2025-05-05,NIFTY NEXT 50,93391.63
2025-05-06,NIFTY NEXT 50,91132.82
2025-05-07,NIFTY NEXT 50,91577.46
2025-05-08,NIFTY NEXT 50,89615.3
2025-05-09,NIFTY NEXT 50,89282.26
2025-05-12,NIFTY NEXT 50,92925.59
2025-05-13,NIFTY NEXT 50,92917.21
2025-05-14,NIFTY NEXT 50,93595.43
2025-05-15,NIFTY NEXT 50,94574.82
2025-05-16,NIFTY NEXT 50,95792.03
2025-05-19,NIFTY NEXT 50,96258.82
2025-05-20,NIFTY NEXT 50,94487.64
2025-05-21,NIFTY NEXT 50,95592.37
2025-05-22,NIFTY NEXT 50,95275.0
2025-05-23,NIFTY NEXT 50,95839.4
2025-05-26,NIFTY NEXT 50,96234.24
2025-05-27,NIFTY NEXT 50,95974.86
2025-05-28,NIFTY NEXT 50,95696.99
2025-05-29,NIFTY NEXT 50,95836.39
2025-05-30,NIFTY NEXT 50,95361.44
2025-06-02,NIFTY NEXT 50,95759.3
2025-06-03,NIFTY NEXT 50,95233.59
2025-06-04,NIFTY NEXT 50,95511.85
2025-06-05,NIFTY NEXT 50,95912.54
2025-06-06,NIFTY NEXT 50,97131.79
2025-06-09,NIFTY NEXT 50,98346.97
2025-06-10,NIFTY NEXT 50,98459.95
2025-06-11,NIFTY NEXT 50,98244.67
2025-06-12,NIFTY NEXT 50,96481.21
2025-06-13,NIFTY NEXT 50,95702.45
2025-06-16,NIFTY NEXT 50,96407.06
2025-06-17,NIFTY NEXT 50,95727.34
2025-06-18,NIFTY NEXT 50,95430.53
2025-06-19,NIFTY NEXT 50,94086.6
2025-06-20,NIFTY NEXT 50,95368.95
2025-06-23,NIFTY NEXT 50,95441.0
2025-06-24,NIFTY NEXT 50,96302.53
2025-06-25,NIFTY NEXT 50,96760.13
2025-06-26,NIFTY NEXT 50,97654.9
2025-06-27,NIFTY NEXT 50,98256.56
2025-06-30,NIFTY NEXT 50,98673.36
2025-07-01,NIFTY NEXT 50,98576.15
2025-07-02,NIFTY NEXT 50,98289.53
2025-07-03,NIFTY NEXT 50,97754.78
2025-07-04,NIFTY NEXT 50,98115.09
2025-07-07,NIFTY NEXT 50,98283.87
2025-07-08,NIFTY NEXT 50,98274.16
2025-07-09,NIFTY NEXT 50,98215.71
2025-07-10,NIFTY NEXT 50,97994.45
2025-07-11,NIFTY NEXT 50,97196.59
2025-07-14,NIFTY NEXT 50,97654.41
2025-07-15,NIFTY NEXT 50,98286.34
2025-07-16,NIFTY NEXT 50,98490.81
2025-07-17,NIFTY NEXT 50,98263.29
2025-07-18,NIFTY NEXT 50,97580.68
2025-07-21,NIFTY NEXT 50,97981.59
2025-07-22,NIFTY NEXT 50,97625.14
2025-07-23,NIFTY NEXT 50,97793.92
2025-07-24,NIFTY NEXT 50,97572.44
2025-07-25,NIFTY NEXT 50,96099.08
2025-07-28,NIFTY NEXT 50,95574.43
2025-07-29,NIFTY NEXT 50,96466.42
2025-07-30,NIFTY NEXT 50,96546.53
2025-07-31,NIFTY NEXT 50,96101.33
2025-08-01,NIFTY NEXT 50,94843.86
2025-08-04,NIFTY NEXT 50,95930.12
2025-08-05,NIFTY NEXT 50,95719.72
2025-08-06,NIFTY NEXT 50,94887.13
2025-08-07,NIFTY NEXT 50,95111.86
2025-08-08,NIFTY NEXT 50,93933.48
2025-08-11,NIFTY NEXT 50,95036.38
2025-08-12,NIFTY NEXT 50,94950.31
2025-08-13,NIFTY NEXT 50,95544.38
2025-08-14,NIFTY NEXT 50,95399.14
2025-08-18,NIFTY NEXT 50,96695.21
2025-08-19,NIFTY NEXT 50,97423.82
2025-08-20,NIFTY NEXT 50,97792.27
2025-08-21,NIFTY NEXT 50,97529.16
2025-08-22,NIFTY NEXT 50,96916.54
2025-08-25,NIFTY NEXT 50,97201.35
2025-08-26,NIFTY NEXT 50,95893.58
2025-08-28,NIFTY NEXT 50,94658.97
2025-08-29,NIFTY NEXT 50,94379.65
2025-09-01,NIFTY NEXT 50,95706.69
2025-09-02,NIFTY NEXT 50,96205.62
2025-09-03,NIFTY NEXT 50,96844.88
2025-09-04,NIFTY NEXT 50,96397.75
2025-09-05,NIFTY NEXT 50,96309.05
2025-09-08,NIFTY NEXT 50,96705.62
2025-09-09,NIFTY NEXT 50,96841.56
2025-09-10,NIFTY NEXT 50,97262.26
2025-09-11,NIFTY NEXT 50,97579.36
2025-09-12,NIFTY NEXT 50,97894.17
2025-09-15,NIFTY NEXT 50,98481.53
2025-09-16,NIFTY NEXT 50,99052.3
2025-09-17,NIFTY NEXT 50,99262.4
2025-09-18,NIFTY NEXT 50,99531.13
2025-09-19,NIFTY NEXT 50,100108.61
2025-09-22,NIFTY NEXT 50,100444.35
2025-09-23,NIFTY NEXT 50,99986.47
2025-09-24,NIFTY NEXT 50,98787.41
2025-09-25,NIFTY NEXT 50,98048.67
2025-09-26,NIFTY NEXT 50,96399.46
2025-09-29,NIFTY NEXT 50,97390.34
2025-09-30,NIFTY NEXT 50,97404.79
2025-10-01,NIFTY NEXT 50,97752.43
2025-10-03,NIFTY NEXT 50,98138.02
2025-10-06,NIFTY NEXT 50,98474.47
2025-10-07,NIFTY NEXT 50,98590.73
2025-10-08,NIFTY NEXT 50,97828.02
2025-10-09,NIFTY NEXT 50,98374.0
2025-10-10,NIFTY NEXT 50,98613.75
2025-10-13,NIFTY NEXT 50,98444.94
2025-10-14,NIFTY NEXT 50,97925.49
2025-10-15,NIFTY NEXT 50,99225.8
2025-10-16,NIFTY NEXT 50,99713.4
2025-10-17,NIFTY NEXT 50,99573.97
2025-10-20,NIFTY NEXT 50,99709.35
2025-10-21,NIFTY NEXT 50,99808.85
2025-10-23,NIFTY NEXT 50,99693.12
2025-10-24,NIFTY NEXT 50,99597.31
2025-10-27,NIFTY NEXT 50,99990.06
2025-10-28,NIFTY NEXT 50,99481.62
2025-10-29,NIFTY NEXT 50,100889.56
2025-10-30,NIFTY NEXT 50,100665.62
2025-10-31,NIFTY NEXT 50,100295.37
2025-11-03,NIFTY NEXT 50,101245.91
2025-11-04,NIFTY NEXT 50,100796.1
2025-11-06,NIFTY NEXT 50,99547.41
2025-11-07,NIFTY NEXT 50,99651.76
2025-11-10,NIFTY NEXT 50,100029.63
2025-11-11,NIFTY NEXT 50,100167.43
2025-11-12,NIFTY NEXT 50,100286.41
2025-11-13,NIFTY NEXT 50,100349.19
2025-11-14,NIFTY NEXT 50,100256.11
2025-11-17,NIFTY NEXT 50,100783.71
2025-11-18,NIFTY NEXT 50,100050.19
2025-11-19,NIFTY NEXT 50,100039.19
2025-11-20,NIFTY NEXT 50,99941.35
2025-11-21,NIFTY NEXT 50,98654.42
2025-11-24,NIFTY NEXT 50,97689.41
2025-11-25,NIFTY NEXT 50,97940.83
2025-11-26,NIFTY NEXT 50,99424.74
2025-11-27,NIFTY NEXT 50,99252.86
2025-11-28,NIFTY NEXT 50,99350.07
2025-12-01,NIFTY NEXT 50,99469.53
2025-12-02,NIFTY NEXT 50,99374.51
2025-12-03,NIFTY NEXT 50,98291.58
2025-12-04,NIFTY NEXT 50,98521.41
2025-12-05,NIFTY NEXT 50,98735.58
2025-12-08,NIFTY NEXT 50,96713.24
2025-12-09,NIFTY NEXT 50,97290.87
2025-12-10,NIFTY NEXT 50,97101.1
2025-12-11,NIFTY NEXT 50,97628.6
2025-12-12,NIFTY NEXT 50,98447.97
2025-12-15,NIFTY NEXT 50,98610.02
2025-12-16,NIFTY NEXT 50,98200.15
2025-12-17,NIFTY NEXT 50,97826.01
2025-12-18,NIFTY NEXT 50,97471.62
2025-12-19,NIFTY NEXT 50,98259.65
2025-12-22,NIFTY NEXT 50,98926.59
2025-12-23,NIFTY NEXT 50,99290.94
2025-12-24,NIFTY NEXT 50,99091.1
2025-12-26,NIFTY NEXT 50,99096.58
2025-12-29,NIFTY NEXT 50,98633.44
2025-12-30,NIFTY NEXT 50,98675.13
2025-12-31,NIFTY NEXT 50,99676.33
2026-01-01,NIFTY NEXT 50,100123.09
2026-01-02,NIFTY NEXT 50,101188.62
2026-01-05,NIFTY NEXT 50,101183.63
2026-01-06,NIFTY NEXT 50,101454.73
2026-01-07,NIFTY NEXT 50,101581.94
2026-01-08,NIFTY NEXT 50,99434.35
2026-01-09,NIFTY NEXT 50,98422.88
2026-01-12,NIFTY NEXT 50,98720.11
2026-01-13,NIFTY NEXT 50,98465.67
2026-01-14,NIFTY NEXT 50,98846.36
2026-01-16,NIFTY NEXT 50,98948.34
2026-01-19,NIFTY NEXT 50,98712.69
2026-01-20,NIFTY NEXT 50,96437.95
2026-01-21,NIFTY NEXT 50,96083.78
2026-01-22,NIFTY NEXT 50,97130.45
2026-01-23,NIFTY NEXT 50,95220.34
2026-01-27,NIFTY NEXT 50,95854.5
2026-01-28,NIFTY NEXT 50,98023.37
2026-01-29,NIFTY NEXT 50,98316.65
2026-01-30,NIFTY NEXT 50,97511.63
2026-02-01,NIFTY NEXT 50,95385.35
2026-02-02,NIFTY NEXT 50,96409.72
2026-02-03,NIFTY NEXT 50,98962.76
2026-02-04,NIFTY NEXT 50,99608.4
2026-02-05,NIFTY NEXT 50,99139.09
2026-02-06,NIFTY NEXT 50,99290.36
2026-02-09,NIFTY NEXT 50,100255.01
2026-02-10,NIFTY NEXT 50,100399.15
2026-02-11,NIFTY NEXT 50,100955.46
2026-02-12,NIFTY NEXT 50,100523.53
2026-02-13,NIFTY NEXT 50,98959.72
2026-02-16,NIFTY NEXT 50,99923.05
2026-02-17,NIFTY NEXT 50,100457.94
2026-02-18,NIFTY NEXT 50,101169.1
2026-02-19,NIFTY NEXT 50,99291.15
2026-02-20,NIFTY NEXT 50,99931.46
2026-02-23,NIFTY NEXT 50,100319.14
2026-02-24,NIFTY NEXT 50,100398.81
2026-02-25,NIFTY NEXT 50,101292.01
2026-02-26,NIFTY NEXT 50,101621.86
2026-02-27,NIFTY NEXT 50,100301.58
2026-03-02,NIFTY NEXT 50,98775.53
2026-03-04,NIFTY NEXT 50,96112.44
2026-03-05,NIFTY NEXT 50,97440.21
2026-03-06,NIFTY NEXT 50,97086.92
2026-03-09,NIFTY NEXT 50,95063.9
2026-03-10,NIFTY NEXT 50,96729.05
2026-03-11,NIFTY NEXT 50,95679.74
