date,NIFTY IT
2016-03-15,12508.77
2016-03-16,12593.56
2016-03-17,12733.81
2016-03-18,13009.68
2016-03-21,13049.49
2016-03-22,13064.37
2016-03-23,13089.48
2016-03-28,13021.28
2016-03-29,12958.37
2016-03-30,13121.42
2016-03-31,13185.24
2016-04-01,13051.55
2016-04-04,13276.65
2016-04-05,13145.17
2016-04-06,13086.91
2016-04-07,12944.25
2016-04-08,12895.95
2016-04-11,13165.38
2016-04-12,13180.63
2016-04-13,13235.89
2016-04-18,13522.04
2016-04-20,13470.12
2016-04-21,13240.01
2016-04-22,13180.14
2016-04-25,13193.49
2016-04-26,13312.27
2016-04-27,13353.86
2016-04-28,13160.48
2016-04-29,13054.48
2016-05-02,12962.86
2016-05-03,12739.01
2016-05-04,12765.73
2016-05-05,12810.82
2016-05-06,12709.49
2016-05-09,12831.47
2016-05-10,12881.53
2016-05-11,12795.15
2016-05-12,12936.03
2016-05-13,12877.22
2016-05-16,12943.81
2016-05-17,12987.41
2016-05-18,12981.49
2016-05-19,12951.83
2016-05-20,12883.56
2016-05-23,12771.21
2016-05-24,12753.60
2016-05-25,13092.93
2016-05-26,13234.94
2016-05-27,13332.64
2016-05-30,13480.54
2016-05-31,13303.48
2016-06-01,13419.09
2016-06-02,13376.27
2016-06-03,13380.69
2016-06-06,13337.79
2016-06-07,13358.35
2016-06-08,13347.97
2016-06-09,13222.77
2016-06-10,13180.76
2016-06-13,13136.74
2016-06-14,13110.80
2016-06-15,13242.96
2016-06-16,13198.61
2016-06-17,13253.25
2016-06-20,13506.60
2016-06-21,13485.27
2016-06-22,13488.04
2016-06-23,13483.64
2016-06-24,13150.39
2016-06-27,12921.35
2016-06-28,12776.52
2016-06-29,12979.31
2016-06-30,13052.93
2016-07-01,13027.40
2016-07-04,13128.86
2016-07-05,13077.43
2016-07-07,12843.85
2016-07-08,12850.98
2016-07-11,12970.65
2016-07-12,12983.40
2016-07-13,13067.25
2016-07-14,13102.07
2016-07-15,12583.72
2016-07-18,12605.63
2016-07-19,12642.27
2016-07-20,12640.43
2016-07-21,12649.30
2016-07-22,12630.21
2016-07-25,12773.45
2016-07-26,12781.40
2016-07-27,12841.07
2016-07-28,12886.24
2016-07-29,12859.91
2016-08-01,13125.89
2016-08-02,13173.01
2016-08-03,13175.81
2016-08-04,13136.98
2016-08-05,13123.56
2016-08-08,13194.43
2016-08-09,13195.38
2016-08-10,13186.08
2016-08-11,13240.73
2016-08-12,13183.13
2016-08-16,12970.95
2016-08-17,12752.88
2016-08-18,12723.10
2016-08-19,12657.13
2016-08-22,12498.54
2016-08-23,12703.73
2016-08-24,12726.47
2016-08-25,12584.04
2016-08-26,12415.77
2016-08-29,12253.34
2016-08-30,12484.43
2016-08-31,12453.49
2016-09-01,12438.35
2016-09-02,12432.56
2016-09-06,12452.58
2016-09-07,12398.98
2016-09-08,12093.51
2016-09-09,12154.20
2016-09-12,12252.29
2016-09-14,12167.11
2016-09-15,12151.38
2016-09-16,12280.99
2016-09-19,12356.74
2016-09-20,12313.38
2016-09-21,12348.56
2016-09-22,12278.47
2016-09-23,12271.28
2016-09-26,12199.17
2016-09-27,12278.30
2016-09-28,12235.18
2016-09-29,12113.90
2016-09-30,12154.64
2016-10-03,12175.40
2016-10-04,12275.14
2016-10-05,12203.17
2016-10-06,12095.82
2016-10-07,12027.03
2016-10-10,12129.43
2016-10-13,12097.34
2016-10-14,12079.50
2016-10-17,11996.96
2016-10-18,12254.86
2016-10-19,12294.93
2016-10-20,12249.89
2016-10-21,12405.32
2016-10-24,12236.74
2016-10-25,12158.23
2016-10-26,12034.94
2016-10-27,11928.07
2016-10-28,11924.44
2016-10-30,11965.13
2016-11-01,11855.88
2016-11-02,11714.23
2016-11-03,11641.24
2016-11-04,11776.88
2016-11-07,11831.39
2016-11-08,11876.95
2016-11-09,11491.14
2016-11-10,11457.30
2016-11-11,11196.06
2016-11-15,11258.22
2016-11-16,11441.00
2016-11-17,11269.16
2016-11-18,11245.71
2016-11-21,11218.77
2016-11-22,11284.87
2016-11-23,11332.79
2016-11-24,11459.08
2016-11-25,12003.37
2016-11-28,11993.06
2016-11-29,11937.73
2016-11-30,11971.06
2016-12-01,11926.04
2016-12-02,11775.37
2016-12-05,11672.38
2016-12-06,11671.12
2016-12-07,11603.45
2016-12-08,11790.96
2016-12-09,11864.04
2016-12-12,11812.30
2016-12-13,11936.62
2016-12-14,12020.03
2016-12-15,12099.30
2016-12-16,12131.61
2016-12-19,12132.41
2016-12-20,12250.12
2016-12-21,12137.89
2016-12-22,12060.46
2016-12-23,11951.33
2016-12-26,11894.66
2016-12-27,12069.60
2016-12-28,12102.71
2016-12-29,12213.35
2016-12-30,12340.82
2017-01-02,12302.58
2017-01-03,12296.90
2017-01-04,12456.69
2017-01-05,12341.76
2017-01-06,11998.05
2017-01-09,12102.48
2017-01-10,12129.88
2017-01-11,12128.73
2017-01-12,12340.27
2017-01-13,12179.74
2017-01-16,12072.42
2017-01-17,12112.42
2017-01-18,12141.82
2017-01-19,12130.63
2017-01-20,12024.41
2017-01-23,12135.97
2017-01-24,12114.82
2017-01-25,12071.80
2017-01-27,12092.43
2017-01-30,12079.16
2017-01-31,11696.54
2017-02-01,11596.08
2017-02-02,11811.69
2017-02-03,11930.42
2017-02-06,11934.29
2017-02-07,11897.28
2017-02-08,11908.11
2017-02-09,12099.54
2017-02-10,12361.28
2017-02-13,12438.68
2017-02-14,12463.90
2017-02-15,12408.63
2017-02-16,12647.10
2017-02-17,12527.09
2017-02-20,12698.47
2017-02-21,12709.77
2017-02-22,12512.32
2017-02-23,12720.37
2017-02-27,12740.70
2017-02-28,12710.02
2017-03-01,12789.90
2017-03-02,12782.19
2017-03-03,12859.11
2017-03-06,12826.78
2017-03-07,12850.61
2017-03-08,12779.67
2017-03-09,12762.15
2017-03-10,12792.02
2017-03-14,12945.99
2017-03-15,12728.57
2017-03-16,12877.97
2017-03-17,12971.58
2017-03-20,12824.02
2017-03-21,12836.46
2017-03-22,12831.80
2017-03-23,12912.14
2017-03-24,12814.76
2017-03-27,12671.42
2017-03-28,12710.18
2017-03-29,12781.78
2017-03-30,12769.28
2017-03-31,12736.56
2017-04-03,12604.17
2017-04-05,12506.99
2017-04-06,12540.09
2017-04-07,12478.81
2017-04-10,12303.18
2017-04-11,12375.42
2017-04-12,12285.69
2017-04-13,11977.14
2017-04-17,11901.83
2017-04-18,11878.82
2017-04-19,11853.49
2017-04-20,11965.78
2017-04-21,11928.95
2017-04-24,11988.81
2017-04-25,12028.03
2017-04-26,11879.63
2017-04-27,11933.99
2017-04-28,11852.16
2017-05-02,11926.83
2017-05-03,12075.46
2017-05-04,12046.21
2017-05-05,12022.16
2017-05-08,12168.52
2017-05-09,12252.52
2017-05-10,12180.96
2017-05-11,12224.50
2017-05-12,12357.07
2017-05-15,12324.21
2017-05-16,12469.10
2017-05-17,12440.46
2017-05-18,12569.60
2017-05-19,12463.22
2017-05-22,12521.02
2017-05-23,12527.35
2017-05-24,12542.81
2017-05-25,12816.29
2017-05-26,12812.73
2017-05-29,12613.36
2017-05-30,12661.91
2017-05-31,12590.43
2017-06-01,12669.01
2017-06-02,12710.04
2017-06-05,12771.30
2017-06-06,13067.45
2017-06-07,12820.62
2017-06-08,12639.43
2017-06-09,12510.78
2017-06-12,12544.50
2017-06-13,12420.97
2017-06-14,12453.57
2017-06-15,12347.74
2017-06-16,12241.37
2017-06-19,12251.48
2017-06-20,12362.05
2017-06-21,12282.09
2017-06-22,12253.48
2017-06-23,12218.69
2017-06-27,12096.45
2017-06-28,12174.18
2017-06-29,12163.19
2017-06-30,12200.02
2017-07-03,12241.82
2017-07-04,12270.12
2017-07-05,12206.71
2017-07-06,12192.63
2017-07-07,12119.23
2017-07-10,12447.97
2017-07-11,12532.00
2017-07-12,12497.74
2017-07-13,12544.65
2017-07-14,12412.60
2017-07-17,12551.03
2017-07-18,12609.24
2017-07-19,12718.14
2017-07-20,12606.78
2017-07-21,12871.64
2017-07-24,13014.98
2017-07-25,12999.15
2017-07-26,12966.16
2017-07-27,12788.82
2017-07-28,12893.83
2017-07-31,12961.68
2017-08-01,13017.21
2017-08-02,12927.46
2017-08-03,12879.10
2017-08-04,12970.06
2017-08-07,12874.64
2017-08-08,12808.17
2017-08-09,12795.93
2017-08-10,12856.31
2017-08-11,12837.89
2017-08-14,12765.84
2017-08-16,12853.14
2017-08-17,13019.63
2017-08-18,12744.98
2017-08-21,12588.32
2017-08-22,12595.77
2017-08-23,12634.34
2017-08-24,12665.26
2017-08-28,12771.85
2017-08-29,12667.79
2017-08-30,12652.45
2017-08-31,12730.83
2017-09-01,12677.92
2017-09-04,12590.32
2017-09-05,12658.17
2017-09-06,12566.08
2017-09-07,12613.52
2017-09-08,12608.30
2017-09-11,12611.77
2017-09-12,12661.88
2017-09-13,12666.99
2017-09-14,12655.80
2017-09-15,12780.84
2017-09-18,12840.85
2017-09-19,12847.27
2017-09-20,12843.08
2017-09-21,12846.06
2017-09-22,12819.84
2017-09-25,12743.93
2017-09-26,12719.07
2017-09-27,12713.90
2017-09-28,12687.00
2017-09-29,12630.86
2017-10-03,12716.16
2017-10-04,12708.63
2017-10-05,12690.29
2017-10-06,12847.89
2017-10-09,12877.88
2017-10-10,12933.30
2017-10-11,13004.52
2017-10-12,13120.36
2017-10-13,13172.07
2017-10-16,13217.18
2017-10-17,13194.38
2017-10-18,13155.15
2017-10-19,13131.77
2017-10-23,13260.89
2017-10-24,13124.53
2017-10-25,13182.57
2017-10-26,13131.38
2017-10-27,13106.06
2017-10-30,13096.72
2017-10-31,13123.35
2017-11-01,13103.68
2017-11-02,13140.29
2017-11-03,13132.06
2017-11-06,13242.14
2017-11-07,13535.60
2017-11-08,13624.96
2017-11-09,13628.09
2017-11-10,13596.70
2017-11-13,13613.22
2017-11-14,13531.53
2017-11-15,13475.94
2017-11-16,13711.42
2017-11-17,13508.79
2017-11-20,13448.37
2017-11-21,13471.79
2017-11-22,13469.43
2017-11-23,13606.46
2017-11-24,13698.31
2017-11-27,13707.80
2017-11-28,13654.94
2017-11-29,13609.27
2017-11-30,13466.80
2017-12-01,13264.70
2017-12-04,13426.02
2017-12-05,13357.85
2017-12-06,13417.80
2017-12-07,13525.13
2017-12-08,13537.15
2017-12-11,13719.59
2017-12-12,13657.18
2017-12-13,13632.03
2017-12-14,13660.75
2017-12-15,13676.35
2017-12-18,13708.94
2017-12-19,13618.63
2017-12-20,13695.63
2017-12-21,13780.54
2017-12-22,13935.15
2017-12-26,13941.83
2017-12-27,13944.05
2017-12-28,13928.48
2017-12-29,14133.65
2018-01-01,14012.50
2018-01-02,14056.86
2018-01-03,14037.90
2018-01-04,14042.84
2018-01-05,14094.63
2018-01-08,14268.29
2018-01-09,14285.20
2018-01-10,14604.92
2018-01-11,14663.55
2018-01-12,14658.78
2018-01-15,14529.87
2018-01-16,15060.71
2018-01-17,15182.46
2018-01-18,15230.06
2018-01-19,15306.57
2018-01-22,15632.08
2018-01-23,15818.74
2018-01-24,16063.04
2018-01-25,15903.36
2018-01-29,16059.94
2018-01-30,15896.77
2018-01-31,15754.94
2018-02-01,15728.48
2018-02-02,15751.55
2018-02-05,15694.87
2018-02-06,15240.49
2018-02-07,15104.28
2018-02-08,15272.04
2018-02-09,15156.01
2018-02-12,15071.00
2018-02-14,15067.79
2018-02-15,15112.08
2018-02-16,15089.55
2018-02-19,14960.32
2018-02-20,15009.59
2018-02-21,15359.05
2018-02-22,15444.20
2018-02-23,15615.13
2018-02-26,15423.60
2018-02-27,15464.40
2018-02-28,15539.85
2018-03-01,15491.86
2018-03-05,15598.91
2018-03-06,15415.05
2018-03-07,15379.88
2018-03-08,15386.27
2018-03-09,15464.92
2018-03-12,15678.68
2018-03-13,15449.11
2018-03-14,15513.14
2018-03-15,15483.18
2018-03-16,15405.68
2018-03-19,15069.51
2018-03-20,15297.36
2018-03-21,15297.02
2018-03-22,15152.39
2018-03-23,15214.87
2018-03-26,15119.37
2018-03-27,15187.08
2018-03-28,15179.02
2018-04-02,15416.21
2018-04-03,15305.07
2018-04-04,15153.87
2018-04-05,15386.48
2018-04-06,15290.36
2018-04-09,15202.82
2018-04-10,15257.83
2018-04-11,15479.32
2018-04-12,15975.66
2018-04-13,16087.55
2018-04-16,16017.96
2018-04-17,15968.51
2018-04-18,15922.02
2018-04-19,16103.32
2018-04-20,16876.02
2018-04-23,17001.72
2018-04-24,16663.04
2018-04-25,16855.34
2018-04-26,17018.22
2018-04-27,16737.04
2018-04-30,16969.21
2018-05-02,16687.75
2018-05-03,16347.66
2018-05-04,16322.57
2018-05-07,16288.12
2018-05-08,16233.21
2018-05-09,16328.26
2018-05-10,16296.58
2018-05-11,16358.90
2018-05-14,16319.46
2018-05-15,16390.85
2018-05-16,16415.94
2018-05-17,16390.63
2018-05-18,16335.25
2018-05-21,16365.27
2018-05-22,16366.07
2018-05-23,16341.56
2018-05-24,16719.44
2018-05-25,16703.23
2018-05-28,16382.04
2018-05-29,16458.93
2018-05-30,16454.87
2018-05-31,16625.09
2018-06-01,16494.42
2018-06-04,16538.89
2018-06-05,16312.37
2018-06-06,16458.19
2018-06-07,16646.73
2018-06-08,16751.40
2018-06-11,16757.81
2018-06-12,16860.93
2018-06-13,17073.00
2018-06-14,16918.75
2018-06-15,17281.10
2018-06-18,17162.00
2018-06-19,16948.17
2018-06-20,16901.01
2018-06-21,16853.04
2018-06-22,16859.61
2018-06-25,16967.43
2018-06-26,17063.28
2018-06-27,17154.91
2018-06-28,16977.95
2018-06-29,17119.58
2018-07-02,17220.91
2018-07-03,17404.75
2018-07-04,17286.77
2018-07-05,17096.29
2018-07-06,17151.90
2018-07-09,17267.37
2018-07-10,17406.77
2018-07-11,17790.72
2018-07-12,17765.23
2018-07-13,17788.80
2018-07-16,17891.41
2018-07-17,17902.20
2018-07-18,17918.63
2018-07-19,17744.92
2018-07-20,18004.03
2018-07-23,17981.74
2018-07-24,17958.06
2018-07-25,17849.62
2018-07-26,17766.82
2018-07-27,17828.03
2018-07-30,17708.47
2018-07-31,17913.87
2018-08-01,18026.25
2018-08-02,17876.81
2018-08-03,17995.31
2018-08-06,17957.85
2018-08-07,17967.96
2018-08-08,17961.11
2018-08-09,17955.17
2018-08-10,18048.50
2018-08-13,18295.61
2018-08-14,18454.22
2018-08-16,18497.35
2018-08-17,18598.23
2018-08-20,18440.05
2018-08-21,18610.46
2018-08-23,18840.72
2018-08-24,18764.63
2018-08-27,19078.07
2018-08-28,19161.80
2018-08-29,19090.37
2018-08-30,19096.39
2018-08-31,19442.63
2018-09-03,19335.97
2018-09-04,19734.39
2018-09-05,19723.59
2018-09-06,19774.92
2018-09-07,19803.36
2018-09-10,19803.99
2018-09-11,19666.13
2018-09-12,19740.98
2018-09-14,19763.66
2018-09-17,19821.86
2018-09-18,19712.66
2018-09-19,19753.31
2018-09-21,19469.96
2018-09-24,19890.23
2018-09-25,19963.56
2018-09-26,19591.61
2018-09-27,19696.83
2018-09-28,19475.55
2018-10-01,19937.32
2018-10-03,19563.77
2018-10-04,18987.44
2018-10-05,19172.54
2018-10-08,18820.31
2018-10-09,18899.75
2018-10-10,18621.12
2018-10-11,18055.19
2018-10-12,17878.41
2018-10-15,18195.67
2018-10-16,18306.51
2018-10-17,18383.04
2018-10-19,17801.71
2018-10-22,17733.57
2018-10-23,17242.69
2018-10-24,17285.06
2018-10-25,17361.74
2018-10-26,17025.85
2018-10-29,17438.05
2018-10-30,17719.49
2018-10-31,18440.61
2018-11-01,18047.96
2018-11-02,17769.90
2018-11-05,17862.53
2018-11-06,17992.84
2018-11-07,18112.70
2018-11-09,17963.15
2018-11-12,18083.17
2018-11-13,18142.05
2018-11-14,17698.04
2018-11-15,17717.37
2018-11-16,17864.29
2018-11-19,18020.56
2018-11-20,17632.13
2018-11-21,17131.07
2018-11-22,17077.47
2018-11-26,17311.60
2018-11-27,17558.39
2018-11-28,18061.43
2018-11-29,17854.55
2018-11-30,18067.80
2018-12-03,18194.12
2018-12-04,18514.44
2018-12-05,18530.53
2018-12-06,18136.56
2018-12-07,18098.45
2018-12-10,17797.65
2018-12-11,17995.68
2018-12-12,18191.83
2018-12-13,18318.28
2018-12-14,18331.15
2018-12-17,18357.89
2018-12-18,18182.39
2018-12-19,18010.70
2018-12-20,17949.43
2018-12-21,17536.78
2018-12-24,17586.08
2018-12-26,17476.36
2018-12-27,17717.82
2018-12-28,17756.42
2018-12-31,17823.72
2019-01-01,17836.81
2019-01-02,17832.10
2019-01-03,17677.88
2019-01-04,17460.65
2019-01-07,17640.06
2019-01-08,17632.87
2019-01-09,17682.73
2019-01-10,17679.25
2019-01-11,17659.32
2019-01-14,17556.27
2019-01-15,18093.03
2019-01-16,18153.88
2019-01-17,18277.18
2019-01-18,18391.70
2019-01-21,18482.37
2019-01-22,18477.68
2019-01-23,18388.29
2019-01-24,18517.86
2019-01-25,18601.23
2019-01-28,18701.23
2019-01-29,18844.95
2019-01-30,18874.53
2019-01-31,19176.54
2019-02-01,19454.97
2019-02-04,19492.68
2019-02-05,19478.91
2019-02-06,19871.14
2019-02-07,19908.57
2019-02-08,19826.81
2019-02-11,19924.90
2019-02-12,19726.36
2019-02-13,19853.85
2019-02-14,19631.07
2019-02-15,19574.07
2019-02-18,19380.29
2019-02-19,18977.43
2019-02-20,19318.97
2019-02-21,19293.52
2019-02-22,19412.09
2019-02-25,19806.91
2019-02-26,19789.46
2019-02-27,19681.15
2019-02-28,19470.60
2019-03-01,19614.58
2019-03-05,19386.60
2019-03-06,19474.41
2019-03-07,19285.09
2019-03-08,19070.52
2019-03-11,19045.48
2019-03-12,19040.61
2019-03-13,18989.07
2019-03-14,18887.04
2019-03-15,19241.18
2019-03-18,19009.57
2019-03-19,19178.01
2019-03-20,19306.32
2019-03-22,19246.72
2019-03-25,19080.60
2019-03-26,19006.01
2019-03-27,18984.73
2019-03-28,19266.13
2019-03-29,19342.15
2019-04-01,19605.07
2019-04-02,19787.98
2019-04-03,19756.49
2019-04-04,19486.48
2019-04-05,19707.07
2019-04-08,19837.25
2019-04-09,19952.84
2019-04-10,19801.26
2019-04-11,19647.31
2019-04-12,19692.29
2019-04-15,19943.04
2019-04-16,19907.39
2019-04-18,19900.47
2019-04-22,19988.73
2019-04-23,20008.12
2019-04-24,20260.69
2019-04-25,20243.52
2019-04-26,20431.29
2019-04-30,20680.04
2019-05-02,20306.58
2019-05-03,19921.85
2019-05-06,19944.68
2019-05-07,19974.86
2019-05-08,19883.06
2019-05-09,19971.27
2019-05-10,19744.43
2019-05-13,19751.47
2019-05-14,19513.10
2019-05-15,19530.52
2019-05-16,19728.21
2019-05-17,19616.03
2019-05-20,19770.60
2019-05-21,19521.38
2019-05-22,19396.62
2019-05-23,19239.01
2019-05-24,19277.36
2019-05-27,19261.04
2019-05-28,19515.35
2019-05-29,19643.55
2019-05-30,19806.69
2019-05-31,20008.87
2019-06-03,20256.34
2019-06-04,19987.63
2019-06-06,19872.08
2019-06-07,19993.37
2019-06-10,20306.81
2019-06-11,20413.16
2019-06-12,20385.68
2019-06-13,20324.81
2019-06-14,20264.51
2019-06-17,20214.69
2019-06-18,20332.16
2019-06-19,20282.59
2019-06-20,20325.20
2019-06-21,20166.33
2019-06-24,20163.84
2019-06-25,20197.53
2019-06-26,20057.14
2019-06-27,19920.19
2019-06-28,19851.25
2019-07-01,19826.64
2019-07-02,20022.73
2019-07-03,19840.32
2019-07-04,19858.67
2019-07-05,19369.95
2019-07-08,19198.72
2019-07-09,19047.03
2019-07-10,18939.74
2019-07-11,18996.78
2019-07-12,19013.19
2019-07-15,19555.87
2019-07-16,19466.24
2019-07-17,19585.60
2019-07-18,19363.83
2019-07-19,19220.38
2019-07-22,19301.10
2019-07-23,19357.49
2019-07-24,19216.76
2019-07-25,19366.48
2019-07-26,19208.08
2019-07-29,19274.15
2019-07-30,19400.31
2019-07-31,19548.64
2019-08-01,19188.07
2019-08-02,19300.75
2019-08-05,19421.41
2019-08-06,19416.72
2019-08-07,19502.54
2019-08-08,19858.73
2019-08-09,19800.41
2019-08-13,19303.59
2019-08-14,19359.20
2019-08-16,19232.88
2019-08-19,19295.24
2019-08-20,19523.76
2019-08-21,19499.24
2019-08-22,19566.66
2019-08-23,19797.70
2019-08-26,19889.82
2019-08-27,19620.84
2019-08-28,19876.94
2019-08-29,19882.77
2019-08-30,20040.31
2019-09-03,20008.35
2019-09-04,20067.93
2019-09-05,20066.02
2019-09-06,20070.52
2019-09-09,19926.37
2019-09-11,19654.01
2019-09-12,19505.65
2019-09-13,19680.45
2019-09-16,19705.76
2019-09-17,19558.68
2019-09-18,19654.65
2019-09-19,19429.52
2019-09-20,19390.25
2019-09-23,18826.42
2019-09-24,19199.43
2019-09-25,19251.09
2019-09-26,19167.25
2019-09-27,19071.48
2019-09-30,19451.69
2019-10-01,19151.40
2019-10-03,19123.50
2019-10-04,19201.51
2019-10-07,19084.44
2019-10-09,18936.75
2019-10-10,18892.96
2019-10-11,19178.48
2019-10-14,19123.24
2019-10-15,19036.41
2019-10-16,19207.32
2019-10-17,19241.70
2019-10-18,19403.10
2019-10-22,18494.72
2019-10-23,18728.86
2019-10-24,18668.10
2019-10-25,18816.34
2019-10-27,18889.00
2019-10-29,19173.17
2019-10-30,19443.78
2019-10-31,19653.94
2019-11-01,19542.53
2019-11-04,19704.79
2019-11-05,19631.72
2019-11-06,19666.90
2019-11-07,19746.64
2019-11-08,19441.95
2019-11-11,19347.48
2019-11-13,19262.05
2019-11-14,19448.79
2019-11-15,19350.09
2019-11-18,19330.67
2019-11-19,19342.81
2019-11-20,19360.06
2019-11-21,19329.03
2019-11-22,18952.32
2019-11-25,19084.66
2019-11-26,18859.11
2019-11-27,18985.47
2019-11-28,19111.41
2019-11-29,18955.04
2019-12-02,18770.48
2019-12-03,18857.34
2019-12-04,19178.85
2019-12-05,19421.96
2019-12-06,19323.53
2019-12-09,19156.13
2019-12-10,18889.92
2019-12-11,19122.20
2019-12-12,18922.96
2019-12-13,19210.95
2019-12-16,19398.24
2019-12-17,19762.77
2019-12-18,19855.66
2019-12-19,19984.93
2019-12-20,20024.86
2019-12-23,20051.35
2019-12-24,19941.03
2019-12-26,19850.35
2019-12-27,19944.18
2019-12-30,19937.00
2019-12-31,19782.01
2020-01-01,19870.19
2020-01-02,19854.39
2020-01-03,20141.22
2020-01-06,20069.43
2020-01-07,20088.87
2020-01-08,20162.48
2020-01-09,20126.74
2020-01-10,20170.63
2020-01-13,20506.83
2020-01-14,20679.30
2020-01-15,20659.67
2020-01-16,20703.66
2020-01-17,20671.99
2020-01-20,20483.16
2020-01-21,20442.77
2020-01-22,20644.18
2020-01-23,20832.54
2020-01-24,20845.78
2020-01-27,20745.54
2020-01-28,20791.39
2020-01-29,20854.05
2020-01-30,20662.47
2020-01-31,20429.93
2020-02-01,20605.23
2020-02-03,20323.33
2020-02-04,20691.54
2020-02-05,20815.18
2020-02-06,20717.19
2020-02-07,20846.68
2020-02-10,20798.30
2020-02-11,20824.06
2020-02-12,20932.69
2020-02-13,21103.51
2020-02-14,21065.17
2020-02-17,21071.41
2020-02-18,21199.30
2020-02-19,21229.35
2020-02-20,21073.59
2020-02-24,20836.11
2020-02-25,20963.58
2020-02-26,20672.12
2020-02-27,20408.30
2020-02-28,19255.39
2020-03-02,19553.21
2020-03-03,19927.76
2020-03-04,20106.64
2020-03-05,20115.55
2020-03-06,19852.09
2020-03-09,18827.26
2020-03-11,18607.38
2020-03-12,16964.10
2020-03-13,17159.63
2020-03-16,15780.97
2020-03-17,15334.76
2020-03-18,14895.93
2020-03-19,14402.12
2020-03-20,15701.89
2020-03-23,14198.40
2020-03-24,15068.96
2020-03-25,15536.69
2020-03-26,15920.52
2020-03-27,15963.08
2020-03-30,15651.17
2020-03-31,16216.34
2020-04-01,15304.33
2020-04-03,14839.63
2020-04-07,15994.36
2020-04-08,15870.64
2020-04-09,16171.76
2020-04-13,16012.34
2020-04-15,16138.74
2020-04-16,15835.10
2020-04-17,16070.99
2020-04-20,16323.07
2020-04-21,15765.55
2020-04-22,15971.96
2020-04-23,16679.50
2020-04-24,16283.10
2020-04-27,16670.51
2020-04-28,16686.43
2020-04-29,17056.52
2020-04-30,17924.82
2020-05-04,17093.77
2020-05-05,17009.61
2020-05-06,17018.07
2020-05-07,16888.52
2020-05-08,17029.41
2020-05-11,17270.71
2020-05-12,17390.40
2020-05-13,17503.71
2020-05-14,16893.98
2020-05-15,16770.25
2020-05-18,16920.22
2020-05-19,17088.27
2020-05-20,17178.20
2020-05-21,17344.06
2020-05-22,17591.56
2020-05-26,17251.36
2020-05-27,17731.68
2020-05-28,17827.87
2020-05-29,17870.86
2020-06-01,18249.15
2020-06-02,18396.26
2020-06-03,18333.73
2020-06-04,18672.96
2020-06-05,18672.95
2020-06-08,19013.99
2020-06-09,18813.88
2020-06-10,18946.95
2020-06-11,18662.78
2020-06-12,18386.13
2020-06-15,18378.42
2020-06-16,18447.47
2020-06-17,18482.74
2020-06-18,18575.71
2020-06-19,18510.05
2020-06-22,18463.91
2020-06-23,18740.57
2020-06-24,18614.27
2020-06-25,18396.91
2020-06-26,19141.72
2020-06-29,18852.41
2020-06-30,18834.92
2020-07-01,18806.61
2020-07-02,19329.49
2020-07-03,19538.24
2020-07-06,19770.48
2020-07-07,20179.58
2020-07-08,19832.75
2020-07-09,19866.80
2020-07-10,19904.22
2020-07-13,20229.00
2020-07-14,20000.52
2020-07-15,21048.21
2020-07-16,21656.16
2020-07-17,21522.24
2020-07-20,22081.25
2020-07-21,22100.36
2020-07-22,21848.11
2020-07-23,21832.04
2020-07-24,22140.47
2020-07-27,22576.91
2020-07-28,23109.76
2020-07-29,22901.94
2020-07-30,23059.54
2020-07-31,23147.01
2020-08-03,23011.20
2020-08-04,22809.06
2020-08-05,22888.24
2020-08-06,23296.75
2020-08-07,23060.32
2020-08-10,23259.38
2020-08-11,23128.13
2020-08-12,23139.53
2020-08-13,23192.31
2020-08-14,23084.01
2020-08-17,23341.39
2020-08-18,23401.29
2020-08-19,23325.05
2020-08-20,23216.49
2020-08-21,23138.62
2020-08-24,23069.03
2020-08-25,23021.32
2020-08-26,23218.97
2020-08-27,23186.46
2020-08-28,23211.27
2020-08-31,22963.89
2020-09-01,22816.80
2020-09-02,23153.59
2020-09-03,23501.45
2020-09-04,23149.70
2020-09-07,23281.45
2020-09-08,23561.88
2020-09-09,23389.93
2020-09-10,23562.01
2020-09-11,23866.10
2020-09-14,24989.24
2020-09-15,25145.76
2020-09-16,25329.07
2020-09-17,25389.71
2020-09-18,25401.73
2020-09-21,25276.04
2020-09-22,25451.72
2020-09-23,25374.27
2020-09-24,24307.55
2020-09-25,25148.41
2020-09-28,25345.29
2020-09-29,25407.75
2020-09-30,25560.91
2020-10-01,25764.73
2020-10-05,26659.73
2020-10-06,26772.16
2020-10-07,26926.71
2020-10-08,27797.74
2020-10-09,27977.57
2020-10-12,28444.53
2020-10-13,28816.72
2020-10-14,28479.53
2020-10-15,27662.79
2020-10-16,27625.42
2020-10-19,27437.82
2020-10-20,27825.77
2020-10-21,27676.09
2020-10-22,27477.78
2020-10-23,27698.62
2020-10-26,27369.24
2020-10-27,27062.52
2020-10-28,26788.18
2020-10-29,26920.37
2020-10-30,26971.78
2020-11-02,26733.82
2020-11-03,26738.59
2020-11-04,27213.85
2020-11-05,27576.32
2020-11-06,27713.81
2020-11-09,28136.58
2020-11-10,27051.29
2020-11-11,27505.17
2020-11-12,27547.58
2020-11-13,27642.32
2020-11-14,27791.77
2020-11-17,27709.02
2020-11-18,27485.03
2020-11-19,27226.59
2020-11-20,27606.75
2020-11-23,28377.60
2020-11-24,28451.40
2020-11-25,27989.27
2020-11-26,28187.83
2020-11-27,28065.36
2020-12-01,28588.85
2020-12-02,28779.82
2020-12-03,28629.23
2020-12-04,28768.01
2020-12-07,28937.01
2020-12-08,29164.60
2020-12-09,29404.53
2020-12-10,29343.02
2020-12-11,29224.69
2020-12-14,29331.35
2020-12-15,29290.61
2020-12-16,29537.06
2020-12-17,29519.02
2020-12-18,29988.83
2020-12-21,29457.58
2020-12-22,30446.60
2020-12-23,31163.79
2020-12-24,30959.40
2020-12-28,31076.82
2020-12-29,31300.85
2020-12-30,31373.07
2020-12-31,31271.54
2021-01-01,31535.60
2021-01-04,32378.81
2021-01-05,33228.76
2021-01-06,32777.44
2021-01-07,32560.84
2021-01-08,33735.81
2021-01-11,34851.64
2021-01-12,34792.79
2021-01-13,34821.43
2021-01-14,34788.31
2021-01-15,34010.70
2021-01-18,33434.61
2021-01-19,33598.76
2021-01-20,34342.12
2021-01-21,34135.91
2021-01-22,34194.52
2021-01-25,33592.40
2021-01-27,33388.43
2021-01-28,32660.29
2021-01-29,31814.19
2021-02-01,32171.67
2021-02-02,32849.49
2021-02-03,33150.41
2021-02-04,33007.33
2021-02-05,32699.48
2021-02-08,33453.35
2021-02-09,33277.25
2021-02-10,33414.26
2021-02-11,33618.42
2021-02-12,33683.39
2021-02-15,33563.71
2021-02-16,33064.00
2021-02-17,32636.72
2021-02-18,33069.91
2021-02-19,32921.02
2021-02-22,31969.98
2021-02-23,32023.37
2021-02-24,31986.69
2021-02-25,32106.79
2021-02-26,31369.71
2021-03-01,31698.72
2021-03-02,32661.08
2021-03-03,33268.82
2021-03-04,33087.06
2021-03-05,32567.83
2021-03-08,32720.58
2021-03-09,33023.21
2021-03-10,33575.37
2021-03-12,33418.04
2021-03-15,33603.70
2021-03-16,34031.98
2021-03-17,33799.17
2021-03-18,32753.42
2021-03-19,32997.90
2021-03-22,33607.94
2021-03-23,33698.78
2021-03-24,33307.97
2021-03-25,32577.52
2021-03-26,32768.53
2021-03-30,33718.63
2021-03-31,33375.16
2021-04-01,33537.02
2021-04-05,34196.61
2021-04-06,34249.33
2021-04-07,34635.02
2021-04-08,35044.74
2021-04-09,35326.97
2021-04-12,34501.81
2021-04-13,33370.37
2021-04-15,33576.30
2021-04-16,33981.71
2021-04-19,33868.10
2021-04-20,33404.28
2021-04-22,33338.59
2021-04-23,33057.68
2021-04-26,33149.61
2021-04-27,33324.44
2021-04-28,33513.40
2021-04-29,33453.76
2021-04-30,33182.45
2021-05-03,33197.41
2021-05-04,32955.58
2021-05-05,33340.81
2021-05-06,33950.74
2021-05-07,33964.66
2021-05-10,33969.83
2021-05-11,33754.22
2021-05-12,33429.40
2021-05-14,33083.82
2021-05-17,33232.98
2021-05-18,33565.16
2021-05-19,33596.89
2021-05-20,33482.68
2021-05-21,33755.25
2021-05-24,33805.60
2021-05-25,34169.63
2021-05-26,34769.62
2021-05-27,35167.67
2021-05-28,35113.28
2021-05-31,35198.05
2021-06-01,35236.17
2021-06-02,34970.39
2021-06-03,35033.01
2021-06-04,35044.50
2021-06-07,35432.54
2021-06-08,35858.49
2021-06-09,35748.44
2021-06-10,36084.59
2021-06-11,36629.17
2021-06-14,36754.59
2021-06-15,36837.35
2021-06-16,36929.46
2021-06-17,37140.45
2021-06-18,36925.29
2021-06-21,36823.22
2021-06-22,37026.48
2021-06-23,36682.37
2021-06-24,37707.26
2021-06-25,37918.25
2021-06-28,37733.91
2021-06-29,37627.10
2021-06-30,37863.00
2021-07-01,37661.27
2021-07-02,37667.56
2021-07-05,37605.29
2021-07-06,37214.06
2021-07-07,37324.81
2021-07-08,37343.40
2021-07-09,37230.65
2021-07-12,37061.98
2021-07-13,36941.72
2021-07-14,38110.89
2021-07-15,38622.95
2021-07-16,38209.97
2021-07-19,38032.87
2021-07-20,38017.94
2021-07-22,38703.44
2021-07-23,38946.49
2021-07-26,39006.54
2021-07-27,38964.93
2021-07-28,39045.24
2021-07-29,39589.13
2021-07-30,39735.71
2021-08-02,40156.74
2021-08-03,40629.76
2021-08-04,40383.71
2021-08-05,40688.88
2021-08-06,40808.93
2021-08-09,40991.43
2021-08-10,41346.56
2021-08-11,41290.01
2021-08-12,42039.77
2021-08-13,42605.25
2021-08-16,42473.75
2021-08-17,43564.73
2021-08-18,43609.28
2021-08-20,43482.06
2021-08-23,44223.21
2021-08-24,44117.10
2021-08-25,44437.21
2021-08-26,44381.34
2021-08-27,44731.63
2021-08-30,44470.17
2021-08-31,45071.20
2021-09-01,44471.85
2021-09-02,45214.70
2021-09-03,45489.64
2021-09-06,46172.68
2021-09-07,45568.00
2021-09-08,45211.95
2021-09-09,45373.74
2021-09-13,45858.74
2021-09-14,46252.87
2021-09-15,47093.17
2021-09-16,46802.34
2021-09-17,46533.49
2021-09-20,46211.83
2021-09-21,47107.29
2021-09-22,47546.43
2021-09-23,48061.38
2021-09-24,48435.21
2021-09-27,47039.88
2021-09-28,46002.80
2021-09-29,46058.53
2021-09-30,45726.13
2021-10-01,45403.15
2021-10-04,45854.27
2021-10-05,46400.09
2021-10-06,45788.52
2021-10-07,46608.41
2021-10-08,47519.76
2021-10-11,45924.49
2021-10-12,45519.54
2021-10-13,46062.40
2021-10-14,46684.14
2021-10-18,47417.52
2021-10-19,48462.36
2021-10-20,48123.35
2021-10-21,46943.33
2021-10-22,46265.01
2021-10-25,45762.03
2021-10-26,46079.58
2021-10-27,46527.20
2021-10-28,45753.65
2021-10-29,45092.01
2021-11-01,46246.86
2021-11-02,46143.66
2021-11-03,46146.19
2021-11-04,46352.36
2021-11-08,46940.20
2021-11-09,46983.15
2021-11-10,46862.27
2021-11-11,46679.54
2021-11-12,47661.59
2021-11-15,47836.06
2021-11-16,48070.35
2021-11-17,48092.67
2021-11-18,47234.90
2021-11-22,46542.14
2021-11-23,46575.58
2021-11-24,45869.58
2021-11-25,46307.74
2021-11-26,45397.18
2021-11-29,45744.30
2021-11-30,45971.25
2021-12-01,46476.62
2021-12-02,47432.79
2021-12-03,47026.36
2021-12-06,45755.64
2021-12-07,46271.09
2021-12-08,47171.97
2021-12-09,47155.31
2021-12-10,47146.46
2021-12-13,47292.03
2021-12-14,47360.21
2021-12-15,46880.95
2021-12-16,47435.98
2021-12-17,48075.62
2021-12-20,47116.10
2021-12-21,48048.43
2021-12-22,48523.30
2021-12-23,49013.49
2021-12-24,49492.28
2021-12-27,49834.28
2021-12-28,50318.69
2021-12-29,50209.65
2021-12-30,50713.56
2021-12-31,50768.97
2022-01-03,51323.57
2022-01-04,51647.49
2022-01-05,50648.43
2022-01-06,49861.14
2022-01-07,50032.78
2022-01-10,50127.73
2022-01-11,50643.56
2022-01-12,50642.66
2022-01-13,50645.62
2022-01-14,50934.04
2022-01-17,50905.31
2022-01-18,49969.72
2022-01-19,48930.94
2022-01-20,48153.57
2022-01-21,47362.00
2022-01-24,45742.36
2022-01-25,45594.59
2022-01-27,43975.66
2022-01-28,44470.73
2022-01-31,45748.47
2022-02-01,46467.17
2022-02-02,47015.09
2022-02-03,46053.55
2022-02-04,46084.17
2022-02-07,45484.50
2022-02-08,45353.55
2022-02-09,45960.18
2022-02-10,46431.24
2022-02-11,45166.36
2022-02-14,44511.53
2022-02-15,45868.20
2022-02-16,45721.90
2022-02-17,45501.41
2022-02-18,45303.00
2022-02-21,45288.49
2022-02-22,44838.56
2022-02-23,44818.50
2022-02-24,42760.60
2022-02-25,43981.18
2022-02-28,44468.46
2022-03-02,44300.52
2022-03-03,44839.53
2022-03-04,44901.79
2022-03-07,44846.90
2022-03-08,46055.11
2022-03-09,46560.88
2022-03-10,46506.46
2022-03-11,46440.26
2022-03-14,47332.68
2022-03-15,46110.66
2022-03-16,46940.73
2022-03-17,46827.67
2022-03-21,46478.37
2022-03-22,47388.45
2022-03-23,47403.61
2022-03-24,47974.78
2022-03-25,47495.98
2022-03-28,47330.11
2022-03-29,47488.68
2022-03-30,47904.90
2022-03-31,47712.64
2022-04-01,47747.07
2022-04-04,47877.78
2022-04-05,47942.24
2022-04-06,47159.90
2022-04-07,46570.59
2022-04-08,46532.77
2022-04-11,45877.32
2022-04-12,45198.41
2022-04-13,45165.91
2022-04-18,43095.62
2022-04-19,41812.72
2022-04-20,42298.05
2022-04-21,42874.16
2022-04-22,42631.11
2022-04-25,41733.53
2022-04-26,41859.82
2022-04-27,41536.81
2022-04-28,42019.53
2022-04-29,41635.16
2022-05-02,40998.46
2022-05-04,40545.26
2022-05-05,41385.07
2022-05-06,40446.29
2022-05-09,40464.51
2022-05-10,40061.50
2022-05-11,39565.18
2022-05-12,39178.92
2022-05-13,39005.10
2022-05-16,38713.66
2022-05-17,39787.04
2022-05-18,39601.34
2022-05-19,37329.46
2022-05-20,37905.14
2022-05-23,38290.47
2022-05-24,37569.11
2022-05-25,36372.23
2022-05-26,36855.80
2022-05-27,37791.34
2022-05-30,39258.19
2022-05-31,39270.13
2022-06-01,38716.67
2022-06-02,39420.11
2022-06-03,39567.57
2022-06-06,39456.37
2022-06-07,38837.01
2022-06-08,38996.40
2022-06-09,39379.34
2022-06-10,38522.89
2022-06-13,36935.52
2022-06-14,36986.77
2022-06-15,36800.35
2022-06-16,35905.91
2022-06-17,35371.32
2022-06-20,35680.64
2022-06-21,36797.94
2022-06-22,36371.55
2022-06-23,37085.30
2022-06-24,36754.53
2022-06-27,37506.24
2022-06-28,37722.16
2022-06-29,37233.88
2022-06-30,36853.87
2022-07-01,37146.27
2022-07-04,36916.48
2022-07-05,36708.89
2022-07-06,37122.99
2022-07-07,37377.03
2022-07-08,37448.53
2022-07-11,36295.59
2022-07-12,35875.64
2022-07-13,35724.53
2022-07-14,35183.16
2022-07-15,35131.99
2022-07-18,36243.91
2022-07-19,36309.41
2022-07-20,37371.93
2022-07-21,37735.78
2022-07-22,37503.08
2022-07-25,37566.79
2022-07-26,36505.46
2022-07-27,37117.86
2022-07-28,38161.99
2022-07-29,38813.36
2022-08-01,38903.51
2022-08-02,38643.44
2022-08-03,39170.19
2022-08-04,39657.44
2022-08-05,39911.27
2022-08-08,39903.48
2022-08-10,39548.61
2022-08-11,40257.70
2022-08-12,39794.58
2022-08-16,39825.38
2022-08-17,40288.61
2022-08-18,39971.71
2022-08-19,39994.59
2022-08-22,39252.66
2022-08-23,38558.82
2022-08-24,38428.37
2022-08-25,38093.85
2022-08-26,38204.31
2022-08-29,36855.92
2022-08-30,37826.58
2022-09-01,37079.44
2022-09-02,36944.96
2022-09-05,37065.84
2022-09-06,36940.96
2022-09-07,37060.24
2022-09-08,37419.74
2022-09-09,38247.50
2022-09-12,38789.70
2022-09-13,38770.59
2022-09-14,37466.68
2022-09-15,36929.69
2022-09-16,35560.96
2022-09-19,35699.09
2022-09-20,35979.31
2022-09-21,35743.17
2022-09-22,35662.47
2022-09-23,35409.09
2022-09-26,35610.55
2022-09-27,35957.38
2022-09-28,36041.96
2022-09-29,35710.95
2022-09-30,35926.78
2022-10-03,35591.16
2022-10-04,36613.58
2022-10-06,37188.55
2022-10-07,36928.69
2022-10-10,37320.18
2022-10-11,36577.06
2022-10-12,36876.84
2022-10-13,36625.89
2022-10-14,37222.21
2022-10-17,37334.09
2022-10-18,37728.59
2022-10-19,37423.95
2022-10-20,37919.91
2022-10-21,37792.84
2022-10-24,38056.10
2022-10-25,38307.54
2022-10-27,38223.29
2022-10-28,37883.69
2022-10-31,38431.15
2022-11-01,39157.64
2022-11-02,38981.03
2022-11-03,38526.88
2022-11-04,38389.46
2022-11-07,38454.00
2022-11-09,38357.59
2022-11-10,38195.37
2022-11-11,39650.81
2022-11-14,39995.61
2022-11-15,40017.03
2022-11-16,40132.54
2022-11-17,39770.67
2022-11-18,39754.33
2022-11-21,39138.43
2022-11-22,39456.44
2022-11-23,39401.13
2022-11-24,40436.90
2022-11-25,40645.88
2022-11-28,40612.46
2022-11-29,40660.71
2022-11-30,40722.41
2022-12-01,41698.94
2022-12-02,41607.25
2022-12-05,41392.06
2022-12-06,40791.12
2022-12-07,40448.18
2022-12-08,40351.62
2022-12-09,39083.33
2022-12-12,38925.29
2022-12-13,39362.14
2022-12-14,39814.16
2022-12-15,38975.49
2022-12-16,38458.61
2022-12-19,38263.33
2022-12-20,38338.43
2022-12-21,38541.71
2022-12-22,38541.24
2022-12-23,37835.36
2022-12-26,38034.50
2022-12-27,38370.20
2022-12-28,38299.47
2022-12-29,38438.51
2022-12-30,38350.72
2023-01-02,38505.64
2023-01-03,38807.11
2023-01-04,38425.90
2023-01-05,38224.85
2023-01-06,37459.32
2023-01-09,38520.15
2023-01-10,38191.27
2023-01-11,38316.76
2023-01-12,38482.82
2023-01-13,38768.88
2023-01-16,39212.24
2023-01-17,39524.90
2023-01-18,39685.41
2023-01-19,39738.60
2023-01-20,39600.86
2023-01-23,40347.00
2023-01-24,40665.66
2023-01-25,40310.28
2023-01-27,39937.98
2023-01-30,40378.65
2023-01-31,39917.01
2023-02-01,40289.99
2023-02-02,41026.17
2023-02-03,41072.94
2023-02-06,40822.56
2023-02-07,40687.78
2023-02-08,41309.74
2023-02-09,41600.75
2023-02-10,41438.82
2023-02-13,40659.52
2023-02-14,41061.03
2023-02-15,41524.94
2023-02-16,42196.80
2023-02-17,41686.70
2023-02-20,41911.53
2023-02-21,41542.23
2023-02-22,41087.11
2023-02-23,41073.94
2023-02-24,40961.88
2023-02-27,40162.23
2023-02-28,39819.62
2023-03-01,40401.95
2023-03-02,39891.42
2023-03-03,40025.15
2023-03-06,40511.98
2023-03-08,40358.94
2023-03-09,39924.82
2023-03-10,39660.63
2023-03-13,39286.73
2023-03-14,38639.35
2023-03-15,38547.78
2023-03-16,38280.35
2023-03-17,38732.97
2023-03-20,38180.59
2023-03-21,37807.29
2023-03-22,37878.10
2023-03-23,37584.97
2023-03-24,37499.64
2023-03-27,37517.17
2023-03-28,37187.02
2023-03-29,37601.17
2023-03-31,38523.79
2023-04-03,38435.69
2023-04-05,38897.76
2023-04-06,38612.32
2023-04-10,38984.19
2023-04-11,38493.09
2023-04-12,38901.94
2023-04-13,38046.12
2023-04-17,36254.61
2023-04-18,36467.71
2023-04-19,35824.05
2023-04-20,35756.56
2023-04-21,36004.80
2023-04-24,36261.94
2023-04-25,36224.59
2023-04-26,36330.90
2023-04-27,36720.48
2023-04-28,37253.09
2023-05-02,37679.08
2023-05-03,37300.89
2023-05-04,37488.42
2023-05-05,37268.92
2023-05-08,37539.16
2023-05-09,37814.16
2023-05-10,37773.86
2023-05-11,37787.64
2023-05-12,37688.68
2023-05-15,37872.85
2023-05-16,37940.91
2023-05-17,37573.75
2023-05-18,37505.98
2023-05-19,38058.77
2023-05-22,39004.94
2023-05-23,38825.26
2023-05-24,38848.27
2023-05-25,38899.31
2023-05-26,39473.68
2023-05-29,39318.12
2023-05-30,39395.34
2023-05-31,39425.09
2023-06-01,39595.16
2023-06-02,39561.92
2023-06-05,39441.32
2023-06-06,38699.77
2023-06-07,39002.86
2023-06-08,38567.68
2023-06-09,38249.64
2023-06-12,38827.85
2023-06-13,38983.44
2023-06-14,38923.70
2023-06-15,38789.52
2023-06-16,38640.59
2023-06-19,38802.08
2023-06-20,39102.85
2023-06-21,39231.08
2023-06-22,38941.08
2023-06-23,38593.92
2023-06-26,38642.35
2023-06-27,38926.27
2023-06-28,38984.13
2023-06-30,39957.32
2023-07-03,39770.53
2023-07-04,40182.83
2023-07-05,40334.21
2023-07-06,40284.65
2023-07-07,39959.07
2023-07-10,39487.99
2023-07-11,39671.14
2023-07-12,39391.41
2023-07-13,40081.55
2023-07-14,41863.60
2023-07-17,41993.62
2023-07-18,42439.44
2023-07-19,42415.63
2023-07-20,42194.81
2023-07-21,40467.66
2023-07-24,40430.31
2023-07-25,40318.80
2023-07-26,40371.99
2023-07-27,40296.94
2023-07-28,39951.80
2023-07-31,40545.44
2023-08-01,41033.40
2023-08-02,40701.46
2023-08-03,40608.36
2023-08-04,41238.33
2023-08-07,41703.29
2023-08-08,41765.23
2023-08-09,41921.16
2023-08-10,41822.18
2023-08-11,41757.36
2023-08-14,42041.57
2023-08-16,42289.79
2023-08-17,42083.99
2023-08-18,41465.92
2023-08-21,41917.82
2023-08-22,41870.18
2023-08-23,41899.57
2023-08-24,42154.32
2023-08-25,41886.61
2023-08-28,41695.62
2023-08-29,41820.89
2023-08-30,42143.17
2023-08-31,42225.84
2023-09-01,42699.27
2023-09-04,43579.42
2023-09-05,43852.28
2023-09-06,43780.45
2023-09-07,43964.79
2023-09-08,43920.47
2023-09-11,44228.28
2023-09-12,44682.27
2023-09-13,44558.70
2023-09-14,44773.74
2023-09-15,45193.28
2023-09-18,44887.66
2023-09-20,44643.43
2023-09-21,44603.75
2023-09-22,44585.29
2023-09-25,44236.14
2023-09-26,43995.49
2023-09-27,44163.03
2023-09-28,43194.15
2023-09-29,43065.19
2023-10-03,42974.22
2023-10-04,43101.90
2023-10-05,43527.23
2023-10-06,43820.30
2023-10-09,43775.40
2023-10-10,44128.84
2023-10-11,44099.88
2023-10-12,43362.23
2023-10-13,43097.09
2023-10-16,43019.10
2023-10-17,43079.42
2023-10-18,42824.37
2023-10-19,42762.51
2023-10-20,42705.73
2023-10-23,41863.08
2023-10-25,41578.10
2023-10-26,41162.89
2023-10-27,41686.76
2023-10-30,41742.99
2023-10-31,41663.01
2023-11-01,41339.54
2023-11-02,41709.57
2023-11-03,41978.53
2023-11-06,42241.72
2023-11-07,42253.53
2023-11-08,42165.70
2023-11-09,41893.60
2023-11-10,41786.34
2023-11-12,42089.05
2023-11-13,41782.00
2023-11-15,42864.19
2023-11-16,44015.22
2023-11-17,43903.38
2023-11-20,44165.08
2023-11-21,44086.66
2023-11-22,44412.21
2023-11-23,44147.95
2023-11-24,43717.62
2023-11-28,43804.02
2023-11-29,44472.21
2023-11-30,44436.44
2023-12-01,44458.98
2023-12-04,44550.10
2023-12-05,44295.90
2023-12-06,45037.11
2023-12-07,44953.88
2023-12-08,45542.11
2023-12-11,45707.64
2023-12-12,45679.84
2023-12-13,45097.15
2023-12-14,46674.71
2023-12-15,48801.05
2023-12-18,48668.88
2023-12-19,48204.42
2023-12-20,47380.72
2023-12-21,47523.97
2023-12-22,48603.75
2023-12-26,48406.87
2023-12-27,48744.48
2023-12-28,48677.18
2023-12-29,48436.31
2024-01-01,48683.01
2024-01-02,48119.99
2024-01-03,46909.38
2024-01-04,46928.45
2024-01-05,47531.70
2024-01-08,47071.98
2024-01-09,47273.54
2024-01-10,47507.98
2024-01-11,47372.85
2024-01-12,49809.25
2024-01-15,50737.00
2024-01-16,50089.39
2024-01-17,50407.56
2024-01-18,50094.03
2024-01-19,50681.14
2024-01-20,50172.93
2024-01-23,49932.07
2024-01-24,50717.98
2024-01-25,49905.80
2024-01-29,49954.59
2024-01-30,49759.11
2024-01-31,50109.90
2024-02-01,49967.84
2024-02-02,51046.52
2024-02-05,50832.99
2024-02-06,52315.97
2024-02-07,51661.36
2024-02-08,51776.07
2024-02-09,51567.62
2024-02-12,51976.30
2024-02-13,52258.10
2024-02-14,51671.81
2024-02-15,51978.43
2024-02-16,52631.60
2024-02-19,52475.81
2024-02-20,52019.67
2024-02-21,51166.41
2024-02-22,52157.05
2024-02-23,52041.46
2024-02-26,51430.05
2024-02-27,51801.54
2024-02-28,51625.79
2024-02-29,51596.60
2024-03-01,51317.04
2024-03-02,51439.84
2024-03-04,51041.77
2024-03-05,50229.20
2024-03-06,50613.64
2024-03-07,50747.80
2024-03-11,50595.14
2024-03-12,50917.92
2024-03-13,50537.89
2024-03-14,51540.79
2024-03-15,51296.03
2024-03-18,50455.32
2024-03-19,48989.74
2024-03-20,48899.79
2024-03-21,49279.98
2024-03-22,48133.14
2024-03-26,47833.16
2024-03-27,47525.73
2024-03-28,47736.12
2024-04-01,47933.94
2024-04-02,47593.55
2024-04-03,47940.25
2024-04-04,48459.08
2024-04-05,48214.52
2024-04-08,47963.19
2024-04-09,47983.95
2024-04-10,48276.43
2024-04-12,47900.17
2024-04-15,47141.71
2024-04-16,45926.13
2024-04-18,45821.79
2024-04-19,45643.47
2024-04-22,45876.67
2024-04-23,46117.08
2024-04-24,45745.04
2024-04-25,45898.07
2024-04-26,46051.00
2024-04-29,45932.22
2024-04-30,45414.59
2024-05-02,45417.83
2024-05-03,45014.42
2024-05-06,45436.69
2024-05-07,45844.23
2024-05-08,45655.46
2024-05-09,45478.37
2024-05-10,45107.64
2024-05-13,45298.61
2024-05-14,45364.72
2024-05-15,45364.21
2024-05-16,46204.90
2024-05-17,45811.59
2024-05-18,45889.65
2024-05-21,45808.73
2024-05-22,46128.91
2024-05-23,46718.70
2024-05-24,46418.80
2024-05-27,46653.37
2024-05-28,46496.40
2024-05-29,46032.34
2024-05-30,45022.34
2024-05-31,44684.94
2024-06-03,44857.79
2024-06-04,44587.57
2024-06-05,45653.30
2024-06-06,46944.54
2024-06-07,48525.90
2024-06-10,47637.80
2024-06-11,47645.00
2024-06-12,47667.09
2024-06-13,48156.33
2024-06-14,47743.08
2024-06-18,48025.10
2024-06-19,48221.50
2024-06-20,48234.36
2024-06-21,48598.66
2024-06-24,48520.68
2024-06-25,48911.54
2024-06-26,48883.46
2024-06-27,49873.55
2024-06-28,49920.18
2024-07-01,50902.83
2024-07-02,51496.40
2024-07-03,51517.42
2024-07-04,52085.59
2024-07-05,52078.50
2024-07-08,52108.15
2024-07-09,52012.87
2024-07-10,51477.26
2024-07-11,51548.90
2024-07-12,53882.95
2024-07-15,53728.81
2024-07-16,54046.60
2024-07-18,55246.40
2024-07-19,55157.97
2024-07-22,54950.57
2024-07-23,55365.70
2024-07-24,55462.96
2024-07-25,55380.60
2024-07-26,56655.16
2024-07-29,56437.75
2024-07-30,56377.25
2024-07-31,56480.61
2024-08-01,56284.69
2024-08-02,54938.66
2024-08-05,53148.82
2024-08-06,53409.14
2024-08-07,54198.15
2024-08-08,53165.91
2024-08-09,53988.64
2024-08-12,54080.24
2024-08-13,54087.56
2024-08-14,54939.96
2024-08-16,56526.00
2024-08-19,57021.86
2024-08-20,57486.42
2024-08-21,57483.71
2024-08-22,57394.32
2024-08-23,56818.60
2024-08-26,57609.87
2024-08-27,57675.10
2024-08-28,58622.55
2024-08-29,58895.27
2024-08-30,59166.54
2024-09-02,59426.22
2024-09-03,59254.34
2024-09-04,58700.12
2024-09-05,58968.55
2024-09-06,58393.67
2024-09-09,57965.22
2024-09-10,58967.91
2024-09-11,58731.59
2024-09-12,59670.27
2024-09-13,60005.27
2024-09-16,59947.56
2024-09-17,60033.82
2024-09-18,58200.60
2024-09-19,58001.89
2024-09-20,58359.77
2024-09-23,58059.76
2024-09-24,58414.51
2024-09-25,58023.18
2024-09-26,58299.66
2024-09-27,58509.42
2024-09-30,58002.59
2024-10-01,58678.37
2024-10-03,57748.90
2024-10-04,57956.15
2024-10-07,58340.72
2024-10-08,58613.05
2024-10-09,58938.26
2024-10-10,58199.97
2024-10-11,58548.58
2024-10-14,59291.28
2024-10-15,59095.65
2024-10-16,58403.35
2024-10-17,59099.85
2024-10-18,58264.35
2024-10-21,57511.86
2024-10-22,57104.33
2024-10-23,58465.88
2024-10-24,58352.01
2024-10-25,58225.41
2024-10-28,58456.12
2024-10-29,58392.11
2024-10-30,57888.01
2024-10-31,56190.83
2024-11-01,56227.13
2024-11-04,56210.66
2024-11-05,56214.57
2024-11-06,58460.24
2024-11-07,58061.01
2024-11-08,58475.01
2024-11-11,59226.16
2024-11-12,59252.94
2024-11-13,58919.13
2024-11-14,58948.83
2024-11-18,57580.04
2024-11-19,58055.34
2024-11-21,58339.66
2024-11-22,60257.75
2024-11-25,60655.47
2024-11-26,61306.04
2024-11-27,61212.53
2024-11-28,59752.42
2024-11-29,59999.25
2024-12-02,60556.55
2024-12-03,60845.71
2024-12-04,61115.92
2024-12-05,62307.88
2024-12-06,62182.23
2024-12-09,62343.48
2024-12-10,62854.88
2024-12-11,63064.33
2024-12-12,63552.79
2024-12-13,63961.84
2024-12-16,63486.00
2024-12-17,63152.48
2024-12-18,63309.76
2024-12-19,62513.39
2024-12-20,60868.15
2024-12-23,60947.83
2024-12-24,60726.10
2024-12-26,60719.64
2024-12-27,60799.11
2024-12-30,61146.77
2024-12-31,60265.62
2025-01-01,60314.72
2025-01-02,61675.66
2025-01-03,60806.24
2025-01-06,60734.36
2025-01-07,60318.53
2025-01-08,60677.88
2025-01-09,59971.77
2025-01-10,62034.09
2025-01-13,61185.22
2025-01-14,59880.98
2025-01-15,60353.88
2025-01-16,60058.49
2025-01-17,58768.21
2025-01-20,58992.79
2025-01-21,58300.87
2025-01-22,59549.09
2025-01-23,60613.18
2025-01-24,60854.15
2025-01-27,58808.10
2025-01-28,58472.42
2025-01-29,60001.85
2025-01-30,59326.65
2025-01-31,59668.41
2025-02-01,58783.87
2025-02-03,59180.96
2025-02-04,59944.56
2025-02-05,59983.85
2025-02-06,60169.33
2025-02-07,60030.48
2025-02-10,59575.76
2025-02-11,58697.13
2025-02-12,58368.05
2025-02-13,57784.19
2025-02-14,57778.04
2025-02-17,57445.21
2025-02-18,57992.27
2025-02-19,57236.93
2025-02-20,57155.39
2025-02-21,56705.82
2025-02-24,55170.22
2025-02-25,54729.27
2025-02-27,54471.02
2025-02-28,52193.63
2025-03-03,52607.78
2025-03-04,52135.77
2025-03-05,53248.12
2025-03-06,53350.27
2025-03-07,52895.92
2025-03-10,52649.70
2025-03-11,52308.03
2025-03-12,50784.28
2025-03-13,50521.13
2025-03-17,50541.73
2025-03-18,51216.01
2025-03-19,50662.39
2025-03-20,51296.18
2025-03-21,51332.78
2025-03-24,52052.02
2025-03-25,52737.11
2025-03-26,52219.35
2025-03-27,52515.26
2025-03-28,51589.18
2025-04-01,50322.78
2025-04-02,50746.33
2025-04-03,48611.68
2025-04-04,46869.29
2025-04-07,45690.79
2025-04-08,46495.85
2025-04-09,45478.96
2025-04-11,45791.52
2025-04-15,46539.03
2025-04-16,46567.31
2025-04-17,46674.76
2025-04-21,47741.51
2025-04-22,47470.17
2025-04-23,49531.17
2025-04-24,49380.74
2025-04-25,49737.56
2025-04-28,49689.24
2025-04-29,50301.80
2025-04-30,50126.14
2025-05-02,50261.85
2025-05-05,50401.01
2025-05-06,50230.09
2025-05-07,50301.64
2025-05-08,50416.70
2025-05-09,50252.18
2025-05-12,53616.95
2025-05-13,52317.36
2025-05-14,53016.12
2025-05-15,53632.76
2025-05-16,53182.55
2025-05-19,52489.85
2025-05-20,52217.74
2025-05-21,52577.12
2025-05-22,51890.90
2025-05-23,52408.36
2025-05-26,52944.07
2025-05-27,52545.52
2025-05-28,52495.47
2025-05-29,52899.60
2025-05-30,52494.23
2025-06-02,52128.68
2025-06-03,51781.34
2025-06-04,52055.62
2025-06-05,52295.01
2025-06-06,52558.39
2025-06-09,53085.96
2025-06-10,53974.89
2025-06-11,54657.42
2025-06-12,54200.81
2025-06-13,54213.45
2025-06-16,55064.35
2025-06-17,55463.24
2025-06-18,55004.95
2025-06-19,54489.26
2025-06-20,54949.38
2025-06-23,54135.74
2025-06-24,54141.14
2025-06-25,55026.64
2025-06-26,54956.13
2025-06-27,54711.92
2025-06-30,54890.91
2025-07-01,54726.27
2025-07-02,54790.99
2025-07-03,54756.07
2025-07-04,55196.09
2025-07-07,54773.87
2025-07-08,54937.80
2025-07-09,54511.65
2025-07-10,54082.91
2025-07-11,53119.84
2025-07-14,52536.69
2025-07-15,52749.38
2025-07-16,53120.53
2025-07-17,52384.00
2025-07-18,52432.12
2025-07-21,52276.68
2025-07-22,52032.67
2025-07-23,52163.38
2025-07-24,51011.88
2025-07-25,50289.04
2025-07-28,50002.75
2025-07-29,50007.25
2025-07-30,50160.59
2025-07-31,49912.72
2025-08-01,48990.85
2025-08-04,49773.79
2025-08-05,49535.00
2025-08-06,48675.05
2025-08-07,49100.00
2025-08-08,48635.81
2025-08-11,48842.43
2025-08-12,49025.76
2025-08-13,49052.11
2025-08-14,49250.38
2025-08-18,48970.12
2025-08-19,49142.22
2025-08-20,50461.88
2025-08-21,50509.75
2025-08-22,50109.58
2025-08-25,51296.14
2025-08-26,50989.50
2025-08-28,50177.33
2025-08-29,49742.53
2025-09-01,50533.48
2025-09-02,50529.53
2025-09-03,50157.76
2025-09-04,49688.55
2025-09-05,48971.36
2025-09-08,48511.31
2025-09-09,49848.11
2025-09-10,51160.00
2025-09-11,50905.06
2025-09-12,51056.71
2025-09-15,50761.83
2025-09-16,51200.10
2025-09-17,51532.38
2025-09-18,51960.91
2025-09-19,51717.71
2025-09-22,50193.42
2025-09-23,49838.43
2025-09-24,49478.16
2025-09-25,48847.58
2025-09-26,47651.01
2025-09-29,47638.40
2025-09-30,47584.67
2025-10-01,47938.32
2025-10-03,48001.34
2025-10-06,49093.93
2025-10-07,49075.43
2025-10-08,49814.60
2025-10-09,50374.89
2025-10-10,50347.39
2025-10-13,49953.94
2025-10-14,49790.04
2025-10-15,50093.99
2025-10-16,50276.89
2025-10-17,49500.64
2025-10-20,50032.82
2025-10-21,50042.96
2025-10-23,51147.16
2025-10-24,51026.61
2025-10-27,51451.10
2025-10-28,51068.45
2025-10-29,51395.56
2025-10-30,51133.90
2025-10-31,50864.33
2025-11-03,50795.57
2025-11-04,50256.28
2025-11-06,50346.11
2025-11-07,50032.70
2025-11-10,50845.69
2025-11-11,51456.38
2025-11-12,52508.53
2025-11-13,52257.90
2025-11-14,51719.04
2025-11-17,51824.39
2025-11-18,51254.47
2025-11-19,52778.13
2025-11-20,52776.24
2025-11-21,52551.23
2025-11-24,52768.60
2025-11-25,52467.96
2025-11-26,53234.03
2025-11-27,53350.41
2025-11-28,53292.29
2025-12-01,53497.76
2025-12-02,53485.71
2025-12-03,53890.33
2025-12-04,54652.53
2025-12-05,55141.80
2025-12-08,54980.86
2025-12-09,54325.32
2025-12-10,53839.93
2025-12-11,54277.44
2025-12-12,54530.71
2025-12-15,54689.61
2025-12-16,54228.28
2025-12-17,54384.40
2025-12-18,55041.64
2025-12-19,55124.63
2025-12-22,56259.26
2025-12-23,55811.43
2025-12-24,55528.08
2025-12-26,54954.66
2025-12-29,54542.02
2025-12-30,54137.29
2025-12-31,53974.10
2026-01-01,54383.59
2026-01-02,54595.63
2026-01-05,53813.23
2026-01-06,54107.08
2026-01-07,55120.61
2026-01-08,54025.72
2026-01-09,54178.02
2026-01-12,54122.55
2026-01-13,54476.33
2026-01-14,53886.69
2026-01-16,55938.07
2026-01-19,55674.54
2026-01-20,54527.53
2026-01-21,54371.91
2026-01-22,54814.80
2026-01-23,54724.25
2026-01-27,55205.35
2026-01-28,55433.35
2026-01-29,55012.37
2026-01-30,54453.64
2026-02-01,54763.98
2026-02-02,54508.02
2026-02-03,55277.70
2026-02-04,52033.45
2026-02-05,51743.80
2026-02-06,50981.82
2026-02-09,50989.79
2026-02-10,51140.94
2026-02-11,50243.20
2026-02-12,47473.11
2026-02-13,46787.78
2026-02-16,46868.75
2026-02-17,47351.16
2026-02-18,46768.86
2026-02-19,46269.37
2026-02-20,45817.93
2026-02-23,45168.59
2026-02-24,43025.43
2026-02-25,43702.40
2026-02-26,43742.26
2026-02-27,43813.37
2026-03-02,43339.58
2026-03-04,43385.90
2026-03-05,43130.37
2026-03-06,43146.97
2026-03-09,43180.83
2026-03-10,42983.25
2026-03-11,42450.21
2026-03-12,42346.78
2026-03-13,41619.27
