date,NIFTY 500
2016-03-15,8899.93
2016-03-16,8924.52
2016-03-17,8954.20
2016-03-18,9050.81
2016-03-21,9172.30
2016-03-22,9190.10
2016-03-23,9197.92
2016-03-28,9070.68
2016-03-29,9053.98
2016-03-30,9217.78
2016-03-31,9239.92
2016-04-01,9230.34
2016-04-04,9279.23
2016-04-05,9105.56
2016-04-06,9133.81
2016-04-07,9064.79
2016-04-08,9088.92
2016-04-11,9209.21
2016-04-12,9265.75
2016-04-13,9416.66
2016-04-18,9502.13
2016-04-20,9513.99
2016-04-21,9501.07
2016-04-22,9491.99
2016-04-25,9442.60
2016-04-26,9551.54
2016-04-27,9572.88
2016-04-28,9428.01
2016-04-29,9435.77
2016-05-02,9423.72
2016-05-03,9356.97
2016-05-04,9286.59
2016-05-05,9309.92
2016-05-06,9316.38
2016-05-09,9457.72
2016-05-10,9477.86
2016-05-11,9443.08
2016-05-12,9511.69
2016-05-13,9427.84
2016-05-16,9465.02
2016-05-17,9495.73
2016-05-18,9484.05
2016-05-19,9376.55
2016-05-20,9328.71
2016-05-23,9303.21
2016-05-24,9307.99
2016-05-25,9491.69
2016-05-26,9632.59
2016-05-27,9735.44
2016-05-30,9780.40
2016-05-31,9757.09
2016-06-01,9773.47
2016-06-02,9822.02
2016-06-03,9817.43
2016-06-06,9803.72
2016-06-07,9878.13
2016-06-08,9903.43
2016-06-09,9846.98
2016-06-10,9810.17
2016-06-13,9742.85
2016-06-14,9755.44
2016-06-15,9857.69
2016-06-16,9800.32
2016-06-17,9832.76
2016-06-20,9903.05
2016-06-21,9895.69
2016-06-22,9875.46
2016-06-23,9932.84
2016-06-24,9738.77
2016-06-27,9779.32
2016-06-28,9828.27
2016-06-29,9932.52
2016-06-30,10038.73
2016-07-01,10106.39
2016-07-04,10170.09
2016-07-05,10140.15
2016-07-07,10140.75
2016-07-08,10126.00
2016-07-11,10287.57
2016-07-12,10346.50
2016-07-13,10324.90
2016-07-14,10380.92
2016-07-15,10356.16
2016-07-18,10310.87
2016-07-19,10334.21
2016-07-20,10396.66
2016-07-21,10348.60
2016-07-22,10407.44
2016-07-25,10521.16
2016-07-26,10470.31
2016-07-27,10510.64
2016-07-28,10573.42
2016-07-29,10561.53
2016-08-01,10568.95
2016-08-02,10535.23
2016-08-03,10422.99
2016-08-04,10445.76
2016-08-05,10613.15
2016-08-08,10662.79
2016-08-09,10620.56
2016-08-10,10489.54
2016-08-11,10508.13
2016-08-12,10592.39
2016-08-16,10580.59
2016-08-17,10587.03
2016-08-18,10657.76
2016-08-19,10668.86
2016-08-22,10620.31
2016-08-23,10614.66
2016-08-24,10652.63
2016-08-25,10591.34
2016-08-26,10578.81
2016-08-29,10616.61
2016-08-30,10762.82
2016-08-31,10806.58
2016-09-01,10783.22
2016-09-02,10828.04
2016-09-06,10987.60
2016-09-07,10977.36
2016-09-08,11031.32
2016-09-09,10934.44
2016-09-12,10711.08
2016-09-14,10761.82
2016-09-15,10774.29
2016-09-16,10809.89
2016-09-19,10848.37
2016-09-20,10814.58
2016-09-21,10816.64
2016-09-22,10934.35
2016-09-23,10908.21
2016-09-26,10799.69
2016-09-27,10785.63
2016-09-28,10850.59
2016-09-29,10593.48
2016-09-30,10677.17
2016-10-03,10875.55
2016-10-04,10926.74
2016-10-05,10923.62
2016-10-06,10882.82
2016-10-07,10868.26
2016-10-10,10876.25
2016-10-13,10711.11
2016-10-14,10742.18
2016-10-17,10662.28
2016-10-18,10846.76
2016-10-19,10840.51
2016-10-20,10885.45
2016-10-21,10894.59
2016-10-24,10909.63
2016-10-25,10895.14
2016-10-26,10801.60
2016-10-27,10766.87
2016-10-28,10827.51
2016-10-30,10838.16
2016-11-01,10840.64
2016-11-02,10681.16
2016-11-03,10615.11
2016-11-04,10514.14
2016-11-07,10596.79
2016-11-08,10647.68
2016-11-09,10476.32
2016-11-10,10613.46
2016-11-11,10301.51
2016-11-15,9997.98
2016-11-16,10015.14
2016-11-17,9979.70
2016-11-18,9987.01
2016-11-21,9774.60
2016-11-22,9881.29
2016-11-23,9949.77
2016-11-24,9884.60
2016-11-25,10062.81
2016-11-28,10095.55
2016-11-29,10124.81
2016-11-30,10234.36
2016-12-01,10177.83
2016-12-02,10043.45
2016-12-05,10096.81
2016-12-06,10121.91
2016-12-07,10077.98
2016-12-08,10248.68
2016-12-09,10265.87
2016-12-12,10153.18
2016-12-13,10185.20
2016-12-14,10126.37
2016-12-15,10104.18
2016-12-16,10085.73
2016-12-19,10037.84
2016-12-20,9986.85
2016-12-21,9969.41
2016-12-22,9854.23
2016-12-23,9852.15
2016-12-26,9721.39
2016-12-27,9876.89
2016-12-28,9899.09
2016-12-29,9997.47
2016-12-30,10094.85
2017-01-02,10123.35
2017-01-03,10161.31
2017-01-04,10164.19
2017-01-05,10274.28
2017-01-06,10239.87
2017-01-09,10242.80
2017-01-10,10310.82
2017-01-11,10429.31
2017-01-12,10454.93
2017-01-13,10449.78
2017-01-16,10478.19
2017-01-17,10471.94
2017-01-18,10508.63
2017-01-19,10536.59
2017-01-20,10413.71
2017-01-23,10472.14
2017-01-24,10577.27
2017-01-25,10725.46
2017-01-27,10779.67
2017-01-30,10775.29
2017-01-31,10670.20
2017-02-01,10868.73
2017-02-02,10915.20
2017-02-03,10948.16
2017-02-06,11032.65
2017-02-07,10997.99
2017-02-08,11014.74
2017-02-09,11031.66
2017-02-10,11042.84
2017-02-13,11036.99
2017-02-14,11005.75
2017-02-15,10900.89
2017-02-16,10999.92
2017-02-17,11056.01
2017-02-20,11133.95
2017-02-21,11182.31
2017-02-22,11177.66
2017-02-23,11189.57
2017-02-27,11157.30
2017-02-28,11163.37
2017-03-01,11231.97
2017-03-02,11140.72
2017-03-03,11147.38
2017-03-06,11218.67
2017-03-07,11204.10
2017-03-08,11168.88
2017-03-09,11168.88
2017-03-10,11170.20
2017-03-14,11356.47
2017-03-15,11384.10
2017-03-16,11493.89
2017-03-17,11500.51
2017-03-20,11479.48
2017-03-21,11465.92
2017-03-22,11351.31
2017-03-23,11432.10
2017-03-24,11463.91
2017-03-27,11406.27
2017-03-28,11474.13
2017-03-29,11524.00
2017-03-30,11570.97
2017-03-31,11598.65
2017-04-03,11682.98
2017-04-05,11743.79
2017-04-06,11739.48
2017-04-07,11671.65
2017-04-10,11681.59
2017-04-11,11765.69
2017-04-12,11724.71
2017-04-13,11675.47
2017-04-17,11672.13
2017-04-18,11614.85
2017-04-19,11641.62
2017-04-20,11702.74
2017-04-21,11694.88
2017-04-24,11810.47
2017-04-25,11925.74
2017-04-26,11946.26
2017-04-27,11933.70
2017-04-28,11922.34
2017-05-02,11947.10
2017-05-03,11941.80
2017-05-04,11997.73
2017-05-05,11892.47
2017-05-08,11940.14
2017-05-09,11964.28
2017-05-10,12076.74
2017-05-11,12092.44
2017-05-12,12046.33
2017-05-15,12121.96
2017-05-16,12191.44
2017-05-17,12188.17
2017-05-18,12018.60
2017-05-19,11988.17
2017-05-22,11954.78
2017-05-23,11844.60
2017-05-24,11769.11
2017-05-25,11954.04
2017-05-26,12098.08
2017-05-29,12052.09
2017-05-30,12094.79
2017-05-31,12126.76
2017-06-01,12156.89
2017-06-02,12214.27
2017-06-05,12265.94
2017-06-06,12209.99
2017-06-07,12259.86
2017-06-08,12256.91
2017-06-09,12291.31
2017-06-12,12227.81
2017-06-13,12230.10
2017-06-14,12248.80
2017-06-15,12219.65
2017-06-16,12236.16
2017-06-19,12296.81
2017-06-20,12301.38
2017-06-21,12286.83
2017-06-22,12260.64
2017-06-23,12160.56
2017-06-27,12059.45
2017-06-28,12051.07
2017-06-29,12087.21
2017-06-30,12132.60
2017-07-03,12256.67
2017-07-04,12248.50
2017-07-05,12308.37
2017-07-06,12357.06
2017-07-07,12353.92
2017-07-10,12467.16
2017-07-11,12450.31
2017-07-12,12510.04
2017-07-13,12605.02
2017-07-14,12602.52
2017-07-17,12630.62
2017-07-18,12529.83
2017-07-19,12635.56
2017-07-20,12608.51
2017-07-21,12650.09
2017-07-24,12700.15
2017-07-25,12711.75
2017-07-26,12767.91
2017-07-27,12753.12
2017-07-28,12768.97
2017-07-31,12837.04
2017-08-01,12865.27
2017-08-02,12829.27
2017-08-03,12745.70
2017-08-04,12814.74
2017-08-07,12859.07
2017-08-08,12743.25
2017-08-09,12612.37
2017-08-10,12409.81
2017-08-11,12311.40
2017-08-14,12478.55
2017-08-16,12616.44
2017-08-17,12627.50
2017-08-18,12556.61
2017-08-21,12432.66
2017-08-22,12418.09
2017-08-23,12543.72
2017-08-24,12576.34
2017-08-28,12669.70
2017-08-29,12526.74
2017-08-30,12660.32
2017-08-31,12707.41
2017-09-01,12795.51
2017-09-04,12715.31
2017-09-05,12784.41
2017-09-06,12762.86
2017-09-07,12801.05
2017-09-08,12790.55
2017-09-11,12881.49
2017-09-12,12998.27
2017-09-13,12963.97
2017-09-14,12992.19
2017-09-15,12996.37
2017-09-18,13084.03
2017-09-19,13091.41
2017-09-20,13072.23
2017-09-21,13033.09
2017-09-22,12779.76
2017-09-25,12633.98
2017-09-26,12657.77
2017-09-27,12462.32
2017-09-28,12515.16
2017-09-29,12577.95
2017-10-03,12669.17
2017-10-04,12734.23
2017-10-05,12733.64
2017-10-06,12852.04
2017-10-09,12867.94
2017-10-10,12923.71
2017-10-11,12859.33
2017-10-12,13002.13
2017-10-13,13071.12
2017-10-16,13141.38
2017-10-17,13166.39
2017-10-18,13140.53
2017-10-19,13071.76
2017-10-23,13123.33
2017-10-24,13153.91
2017-10-25,13259.23
2017-10-26,13320.16
2017-10-27,13316.83
2017-10-30,13405.53
2017-10-31,13394.75
2017-11-01,13515.96
2017-11-02,13520.50
2017-11-03,13556.06
2017-11-06,13574.58
2017-11-07,13423.23
2017-11-08,13347.31
2017-11-09,13390.89
2017-11-10,13403.43
2017-11-13,13297.47
2017-11-14,13252.24
2017-11-15,13138.35
2017-11-16,13272.37
2017-11-17,13377.94
2017-11-20,13414.42
2017-11-21,13448.92
2017-11-22,13463.99
2017-11-23,13481.09
2017-11-24,13537.67
2017-11-27,13569.12
2017-11-28,13549.81
2017-11-29,13535.77
2017-11-30,13403.72
2017-12-01,13265.94
2017-12-04,13264.38
2017-12-05,13260.34
2017-12-06,13160.70
2017-12-07,13328.38
2017-12-08,13456.52
2017-12-11,13517.03
2017-12-12,13406.62
2017-12-13,13326.52
2017-12-14,13373.19
2017-12-15,13494.85
2017-12-18,13574.20
2017-12-19,13705.34
2017-12-20,13709.78
2017-12-21,13745.34
2017-12-22,13809.42
2017-12-26,13866.27
2017-12-27,13819.26
2017-12-28,13815.80
2017-12-29,13896.02
2018-01-01,13813.81
2018-01-02,13789.42
2018-01-03,13820.88
2018-01-04,13918.10
2018-01-05,14017.23
2018-01-08,14113.60
2018-01-09,14115.81
2018-01-10,14100.89
2018-01-11,14129.78
2018-01-12,14151.61
2018-01-15,14202.30
2018-01-16,14074.53
2018-01-17,14182.88
2018-01-18,14125.75
2018-01-19,14237.54
2018-01-22,14332.39
2018-01-23,14464.05
2018-01-24,14429.98
2018-01-25,14365.84
2018-01-29,14379.96
2018-01-30,14268.94
2018-01-31,14203.09
2018-02-01,14188.25
2018-02-02,13782.37
2018-02-05,13686.64
2018-02-06,13461.63
2018-02-07,13486.61
2018-02-08,13662.65
2018-02-09,13558.03
2018-02-12,13700.66
2018-02-14,13668.94
2018-02-15,13668.38
2018-02-16,13540.46
2018-02-19,13429.56
2018-02-20,13417.24
2018-02-21,13442.27
2018-02-22,13402.06
2018-02-23,13567.59
2018-02-26,13686.80
2018-02-27,13642.21
2018-02-28,13585.49
2018-03-01,13531.83
2018-03-05,13400.93
2018-03-06,13260.12
2018-03-07,13109.11
2018-03-08,13202.82
2018-03-09,13181.83
2018-03-12,13380.35
2018-03-13,13434.83
2018-03-14,13425.47
2018-03-15,13399.61
2018-03-16,13214.46
2018-03-19,13052.85
2018-03-20,13100.23
2018-03-21,13142.31
2018-03-22,13077.48
2018-03-23,12926.25
2018-03-26,13093.19
2018-03-27,13187.90
2018-03-28,13090.98
2018-04-02,13254.74
2018-04-03,13330.03
2018-04-04,13184.34
2018-04-05,13435.15
2018-04-06,13473.25
2018-04-09,13521.92
2018-04-10,13542.43
2018-04-11,13559.63
2018-04-12,13583.70
2018-04-13,13613.67
2018-04-16,13677.80
2018-04-17,13705.74
2018-04-18,13678.25
2018-04-19,13744.05
2018-04-20,13731.17
2018-04-23,13769.15
2018-04-24,13794.14
2018-04-25,13735.00
2018-04-26,13781.25
2018-04-27,13872.77
2018-04-30,13950.42
2018-05-02,13874.76
2018-05-03,13792.81
2018-05-04,13721.00
2018-05-07,13837.10
2018-05-08,13838.65
2018-05-09,13837.48
2018-05-10,13752.47
2018-05-11,13833.86
2018-05-14,13795.05
2018-05-15,13760.15
2018-05-16,13705.45
2018-05-17,13670.14
2018-05-18,13530.24
2018-05-21,13382.60
2018-05-22,13436.94
2018-05-23,13325.63
2018-05-24,13392.87
2018-05-25,13549.37
2018-05-28,13684.63
2018-05-29,13630.69
2018-05-30,13607.75
2018-05-31,13705.62
2018-06-01,13617.21
2018-06-04,13501.53
2018-06-05,13405.29
2018-06-06,13545.67
2018-06-07,13684.50
2018-06-08,13708.40
2018-06-11,13732.15
2018-06-12,13811.73
2018-06-13,13811.78
2018-06-14,13781.18
2018-06-15,13762.12
2018-06-18,13725.35
2018-06-19,13601.84
2018-06-20,13663.75
2018-06-21,13612.80
2018-06-22,13695.90
2018-06-25,13604.24
2018-06-26,13600.44
2018-06-27,13453.85
2018-06-28,13318.37
2018-06-29,13503.29
2018-07-02,13424.54
2018-07-03,13484.25
2018-07-04,13551.84
2018-07-05,13514.84
2018-07-06,13556.77
2018-07-09,13681.04
2018-07-10,13801.46
2018-07-11,13780.83
2018-07-12,13837.41
2018-07-13,13791.00
2018-07-16,13618.67
2018-07-17,13743.72
2018-07-18,13677.65
2018-07-19,13638.18
2018-07-20,13712.17
2018-07-23,13827.88
2018-07-24,13955.93
2018-07-25,13955.58
2018-07-26,14015.05
2018-07-27,14150.32
2018-07-30,14209.48
2018-07-31,14257.02
2018-08-01,14258.89
2018-08-02,14168.71
2018-08-03,14312.09
2018-08-06,14347.97
2018-08-07,14341.27
2018-08-08,14400.66
2018-08-09,14438.00
2018-08-10,14372.06
2018-08-13,14272.70
2018-08-14,14382.48
2018-08-16,14322.64
2018-08-17,14447.62
2018-08-20,14551.95
2018-08-21,14585.85
2018-08-23,14601.32
2018-08-24,14571.39
2018-08-27,14731.17
2018-08-28,14771.29
2018-08-29,14753.44
2018-08-30,14756.03
2018-08-31,14782.95
2018-09-03,14678.85
2018-09-04,14507.89
2018-09-05,14446.48
2018-09-06,14524.31
2018-09-07,14612.84
2018-09-10,14414.37
2018-09-11,14218.49
2018-09-12,14299.56
2018-09-14,14495.36
2018-09-17,14353.62
2018-09-18,14202.83
2018-09-19,14132.44
2018-09-21,13954.55
2018-09-24,13684.55
2018-09-25,13773.66
2018-09-26,13772.06
2018-09-27,13624.10
2018-09-28,13496.26
2018-10-01,13569.58
2018-10-03,13408.52
2018-10-04,13109.67
2018-10-05,12769.28
2018-10-08,12736.21
2018-10-09,12677.49
2018-10-10,12952.18
2018-10-11,12681.39
2018-10-12,12979.75
2018-10-15,13046.23
2018-10-16,13167.29
2018-10-17,12967.17
2018-10-19,12792.53
2018-10-22,12698.20
2018-10-23,12570.25
2018-10-24,12667.65
2018-10-25,12553.87
2018-10-26,12470.57
2018-10-29,12756.66
2018-10-30,12742.59
2018-10-31,12969.63
2018-11-01,12999.37
2018-11-02,13187.43
2018-11-05,13156.88
2018-11-06,13145.64
2018-11-07,13239.33
2018-11-09,13258.69
2018-11-12,13129.95
2018-11-13,13225.78
2018-11-14,13222.75
2018-11-15,13273.53
2018-11-16,13330.69
2018-11-19,13418.97
2018-11-20,13282.16
2018-11-21,13252.75
2018-11-22,13161.85
2018-11-26,13256.78
2018-11-27,13317.44
2018-11-28,13331.32
2018-11-29,13462.63
2018-11-30,13503.06
2018-12-03,13529.42
2018-12-04,13513.95
2018-12-05,13384.98
2018-12-06,13168.20
2018-12-07,13253.29
2018-12-10,12999.73
2018-12-11,13111.79
2018-12-12,13373.36
2018-12-13,13455.91
2018-12-14,13476.66
2018-12-17,13569.56
2018-12-18,13604.26
2018-12-19,13707.21
2018-12-20,13688.88
2018-12-21,13466.86
2018-12-24,13348.09
2018-12-26,13406.24
2018-12-27,13461.24
2018-12-28,13573.23
2018-12-31,13599.13
2019-01-01,13640.46
2019-01-02,13500.30
2019-01-03,13368.91
2019-01-04,13428.43
2019-01-07,13467.36
2019-01-08,13493.29
2019-01-09,13536.01
2019-01-10,13524.03
2019-01-11,13492.62
2019-01-14,13423.32
2019-01-15,13580.01
2019-01-16,13582.44
2019-01-17,13587.51
2019-01-18,13555.85
2019-01-21,13578.37
2019-01-22,13542.55
2019-01-23,13450.22
2019-01-24,13458.48
2019-01-25,13343.00
2019-01-28,13168.57
2019-01-29,13167.46
2019-01-30,13181.18
2019-01-31,13357.80
2019-02-01,13435.65
2019-02-04,13414.64
2019-02-05,13402.62
2019-02-06,13531.56
2019-02-07,13571.96
2019-02-08,13410.58
2019-02-11,13309.39
2019-02-12,13249.12
2019-02-13,13193.76
2019-02-14,13167.36
2019-02-15,13105.54
2019-02-18,12998.01
2019-02-19,12980.10
2019-02-20,13133.49
2019-02-21,13218.92
2019-02-22,13245.74
2019-02-25,13340.90
2019-02-26,13295.32
2019-02-27,13285.19
2019-02-28,13303.20
2019-03-01,13424.34
2019-03-05,13626.72
2019-03-06,13711.14
2019-03-07,13703.58
2019-03-08,13682.38
2019-03-11,13882.22
2019-03-12,14023.67
2019-03-13,14038.41
2019-03-14,14036.92
2019-03-15,14115.72
2019-03-18,14141.44
2019-03-19,14221.02
2019-03-20,14195.69
2019-03-22,14120.15
2019-03-25,13988.74
2019-03-26,14138.82
2019-03-27,14123.69
2019-03-28,14272.79
2019-03-29,14364.59
2019-04-01,14421.49
2019-04-02,14449.48
2019-04-03,14356.79
2019-04-04,14309.63
2019-04-05,14396.45
2019-04-08,14321.35
2019-04-09,14385.80
2019-04-10,14304.29
2019-04-11,14321.82
2019-04-12,14381.36
2019-04-15,14443.67
2019-04-16,14540.12
2019-04-18,14476.63
2019-04-22,14270.20
2019-04-23,14251.64
2019-04-24,14400.64
2019-04-25,14313.53
2019-04-26,14404.12
2019-04-30,14366.33
2019-05-02,14326.52
2019-05-03,14307.21
2019-05-06,14170.39
2019-05-07,14051.08
2019-05-08,13886.83
2019-05-09,13826.96
2019-05-10,13812.96
2019-05-13,13619.29
2019-05-14,13697.17
2019-05-15,13619.46
2019-05-16,13711.21
2019-05-17,13871.89
2019-05-20,14380.78
2019-05-21,14242.53
2019-05-22,14281.87
2019-05-23,14214.30
2019-05-24,14466.44
2019-05-27,14589.90
2019-05-28,14606.28
2019-05-29,14519.50
2019-05-30,14606.29
2019-05-31,14591.01
2019-06-03,14766.71
2019-06-04,14702.41
2019-06-06,14475.15
2019-06-07,14495.06
2019-06-10,14539.75
2019-06-11,14598.20
2019-06-12,14516.16
2019-06-13,14521.38
2019-06-14,14406.49
2019-06-17,14218.31
2019-06-18,14229.85
2019-06-19,14192.79
2019-06-20,14380.25
2019-06-21,14284.21
2019-06-24,14258.15
2019-06-25,14360.63
2019-06-26,14435.08
2019-06-27,14449.59
2019-06-28,14398.80
2019-07-01,14481.11
2019-07-02,14528.70
2019-07-03,14547.48
2019-07-04,14579.18
2019-07-05,14401.47
2019-07-08,14090.09
2019-07-09,14102.22
2019-07-10,14019.84
2019-07-11,14122.25
2019-07-12,14109.72
2019-07-15,14128.30
2019-07-16,14220.97
2019-07-17,14242.02
2019-07-18,14115.05
2019-07-19,13896.06
2019-07-22,13813.05
2019-07-23,13793.16
2019-07-24,13689.15
2019-07-25,13690.06
2019-07-26,13740.26
2019-07-29,13616.28
2019-07-30,13459.90
2019-07-31,13522.10
2019-08-01,13362.08
2019-08-02,13379.19
2019-08-05,13211.96
2019-08-06,13341.72
2019-08-07,13246.28
2019-08-08,13436.18
2019-08-09,13536.40
2019-08-13,13304.77
2019-08-14,13429.64
2019-08-16,13456.71
2019-08-19,13473.78
2019-08-20,13414.23
2019-08-21,13277.02
2019-08-22,13061.91
2019-08-23,13168.84
2019-08-26,13429.74
2019-08-27,13516.01
2019-08-28,13439.14
2019-08-29,13342.20
2019-08-30,13449.30
2019-09-03,13186.84
2019-09-04,13232.93
2019-09-05,13252.79
2019-09-06,13363.98
2019-09-09,13442.01
2019-09-11,13506.72
2019-09-12,13457.64
2019-09-13,13561.51
2019-09-16,13499.13
2019-09-17,13266.59
2019-09-18,13302.38
2019-09-19,13136.23
2019-09-20,13831.67
2019-09-23,14215.41
2019-09-24,14197.74
2019-09-25,14002.03
2019-09-26,14151.32
2019-09-27,14079.08
2019-09-30,13997.16
2019-10-01,13840.55
2019-10-03,13783.58
2019-10-04,13623.62
2019-10-07,13547.24
2019-10-09,13752.94
2019-10-10,13655.23
2019-10-11,13728.17
2019-10-14,13774.96
2019-10-15,13866.69
2019-10-16,13908.64
2019-10-17,14082.13
2019-10-18,14214.37
2019-10-22,14167.96
2019-10-23,14191.33
2019-10-24,14159.98
2019-10-25,14150.16
2019-10-27,14221.03
2019-10-29,14401.14
2019-10-30,14475.42
2019-10-31,14539.09
2019-11-01,14560.64
2019-11-04,14603.78
2019-11-05,14546.54
2019-11-06,14587.66
2019-11-07,14653.33
2019-11-08,14531.75
2019-11-11,14550.59
2019-11-13,14457.92
2019-11-14,14482.84
2019-11-15,14508.27
2019-11-18,14510.92
2019-11-19,14561.55
2019-11-20,14625.80
2019-11-21,14577.67
2019-11-22,14528.11
2019-11-25,14712.37
2019-11-26,14653.52
2019-11-27,14733.20
2019-11-28,14814.01
2019-11-29,14729.77
2019-12-02,14706.31
2019-12-03,14624.06
2019-12-04,14682.49
2019-12-05,14645.76
2019-12-06,14513.39
2019-12-09,14516.42
2019-12-10,14402.73
2019-12-11,14464.04
2019-12-12,14546.39
2019-12-13,14685.18
2019-12-16,14639.27
2019-12-17,14756.84
2019-12-18,14806.69
2019-12-19,14848.80
2019-12-20,14868.41
2019-12-23,14856.94
2019-12-24,14813.00
2019-12-26,14736.19
2019-12-27,14873.50
2019-12-30,14897.54
2019-12-31,14819.29
2020-01-01,14843.29
2020-01-02,14980.54
2020-01-03,14922.99
2020-01-06,14631.41
2020-01-07,14718.47
2020-01-08,14698.65
2020-01-09,14926.45
2020-01-10,14977.61
2020-01-13,15074.41
2020-01-14,15124.47
2020-01-15,15141.31
2020-01-16,15175.81
2020-01-17,15188.79
2020-01-20,15049.24
2020-01-21,14991.99
2020-01-22,14931.11
2020-01-23,15043.86
2020-01-24,15138.19
2020-01-27,15011.93
2020-01-28,14947.90
2020-01-29,15026.51
2020-01-30,14891.25
2020-01-31,14804.57
2020-02-01,14421.13
2020-02-03,14488.18
2020-02-04,14792.21
2020-02-05,14939.95
2020-02-06,15019.88
2020-02-07,15014.96
2020-02-10,14932.29
2020-02-11,14994.85
2020-02-12,15070.16
2020-02-13,15041.87
2020-02-14,14956.99
2020-02-17,14855.22
2020-02-18,14789.34
2020-02-19,14977.03
2020-02-20,14959.29
2020-02-24,14659.13
2020-02-25,14609.32
2020-02-26,14456.09
2020-02-27,14391.08
2020-02-28,13875.34
2020-03-02,13790.70
2020-03-03,14014.65
2020-03-04,13915.97
2020-03-05,13950.63
2020-03-06,13620.11
2020-03-09,12976.16
2020-03-11,12956.37
2020-03-12,11879.72
2020-03-13,12273.36
2020-03-16,11418.58
2020-03-17,11157.03
2020-03-18,10545.38
2020-03-19,10243.87
2020-03-20,10774.99
2020-03-23,9400.96
2020-03-24,9588.01
2020-03-25,10128.06
2020-03-26,10535.69
2020-03-27,10550.20
2020-03-30,10167.46
2020-03-31,10540.43
2020-04-01,10186.74
2020-04-03,10000.86
2020-04-07,10770.05
2020-04-08,10788.81
2020-04-09,11210.95
2020-04-13,11088.47
2020-04-15,11064.34
2020-04-16,11166.67
2020-04-17,11471.14
2020-04-20,11471.44
2020-04-21,11141.94
2020-04-22,11349.73
2020-04-23,11487.60
2020-04-24,11288.98
2020-04-27,11455.42
2020-04-28,11558.67
2020-04-29,11747.42
2020-04-30,12072.43
2020-05-04,11445.71
2020-05-05,11335.14
2020-05-06,11414.15
2020-05-07,11331.86
2020-05-08,11378.76
2020-05-11,11385.39
2020-05-12,11331.93
2020-05-13,11551.54
2020-05-14,11321.91
2020-05-15,11306.13
2020-05-18,10916.21
2020-05-19,10975.77
2020-05-20,11190.26
2020-05-21,11256.18
2020-05-22,11173.94
2020-05-26,11186.72
2020-05-27,11444.46
2020-05-28,11650.41
2020-05-29,11793.53
2020-06-01,12092.03
2020-06-02,12268.95
2020-06-03,12369.15
2020-06-04,12343.37
2020-06-05,12514.41
2020-06-08,12551.50
2020-06-09,12422.12
2020-06-10,12505.40
2020-06-11,12270.08
2020-06-12,12359.80
2020-06-15,12193.99
2020-06-16,12293.24
2020-06-17,12275.42
2020-06-18,12491.60
2020-06-19,12674.39
2020-06-22,12799.59
2020-06-23,13002.86
2020-06-24,12814.60
2020-06-25,12820.09
2020-06-26,12909.57
2020-06-29,12803.28
2020-06-30,12783.45
2020-07-01,12904.08
2020-07-02,13050.90
2020-07-03,13123.96
2020-07-06,13304.70
2020-07-07,13356.96
2020-07-08,13258.49
2020-07-09,13366.65
2020-07-10,13309.97
2020-07-13,13341.27
2020-07-14,13129.11
2020-07-15,13124.91
2020-07-16,13243.11
2020-07-17,13437.95
2020-07-20,13573.78
2020-07-21,13702.98
2020-07-22,13666.90
2020-07-23,13770.13
2020-07-24,13727.72
2020-07-27,13635.55
2020-07-28,13812.20
2020-07-29,13743.53
2020-07-30,13648.72
2020-07-31,13654.79
2020-08-03,13499.05
2020-08-04,13715.13
2020-08-05,13738.57
2020-08-06,13862.69
2020-08-07,13907.39
2020-08-10,14013.13
2020-08-11,14047.06
2020-08-12,14037.70
2020-08-13,14077.17
2020-08-14,13935.92
2020-08-17,14017.08
2020-08-18,14189.88
2020-08-19,14237.02
2020-08-20,14171.02
2020-08-21,14254.38
2020-08-24,14367.48
2020-08-25,14383.96
2020-08-26,14474.10
2020-08-27,14494.78
2020-08-28,14586.35
2020-08-31,14179.34
2020-09-01,14285.55
2020-09-02,14402.98
2020-09-03,14427.92
2020-09-04,14190.80
2020-09-07,14192.59
2020-09-08,14118.09
2020-09-09,14058.29
2020-09-10,14255.36
2020-09-11,14295.07
2020-09-14,14366.63
2020-09-15,14488.25
2020-09-16,14578.07
2020-09-17,14479.79
2020-09-18,14468.91
2020-09-21,14096.20
2020-09-22,13946.28
2020-09-23,13916.67
2020-09-24,13538.89
2020-09-25,13858.78
2020-09-28,14122.42
2020-09-29,14106.45
2020-09-30,14139.78
2020-10-01,14321.32
2020-10-05,14403.97
2020-10-06,14564.50
2020-10-07,14613.15
2020-10-08,14699.94
2020-10-09,14757.92
2020-10-12,14750.66
2020-10-13,14737.25
2020-10-14,14780.59
2020-10-15,14457.62
2020-10-16,14572.95
2020-10-19,14698.70
2020-10-20,14734.59
2020-10-21,14770.31
2020-10-22,14753.69
2020-10-23,14816.06
2020-10-26,14615.15
2020-10-27,14767.77
2020-10-28,14594.96
2020-10-29,14539.33
2020-10-30,14521.56
2020-11-02,14543.26
2020-11-03,14695.59
2020-11-04,14803.64
2020-11-05,15063.26
2020-11-06,15212.07
2020-11-09,15428.84
2020-11-10,15569.44
2020-11-11,15702.39
2020-11-12,15681.98
2020-11-13,15749.74
2020-11-14,15830.35
2020-11-17,15957.28
2020-11-18,16055.59
2020-11-19,15887.85
2020-11-20,16013.83
2020-11-23,16129.46
2020-11-24,16277.69
2020-11-25,16037.11
2020-11-26,16187.40
2020-11-27,16255.62
2020-12-01,16431.79
2020-12-02,16466.70
2020-12-03,16520.43
2020-12-04,16649.76
2020-12-07,16788.33
2020-12-08,16816.26
2020-12-09,16956.62
2020-12-10,16896.14
2020-12-11,16941.77
2020-12-14,17008.25
2020-12-15,17021.37
2020-12-16,17167.23
2020-12-17,17209.96
2020-12-18,17223.02
2020-12-21,16630.40
2020-12-22,16799.49
2020-12-23,17026.80
2020-12-24,17178.02
2020-12-28,17343.97
2020-12-29,17392.96
2020-12-30,17457.65
2020-12-31,17470.79
2021-01-01,17556.56
2021-01-04,17733.95
2021-01-05,17848.06
2021-01-06,17803.92
2021-01-07,17846.66
2021-01-08,18088.64
2021-01-11,18211.34
2021-01-12,18290.03
2021-01-13,18263.91
2021-01-14,18308.29
2021-01-15,18098.51
2021-01-18,17863.35
2021-01-19,18175.28
2021-01-20,18321.73
2021-01-21,18227.91
2021-01-22,17983.28
2021-01-25,17815.21
2021-01-27,17516.93
2021-01-28,17359.80
2021-01-29,17147.27
2021-02-01,17857.07
2021-02-02,18286.87
2021-02-03,18470.15
2021-02-04,18640.59
2021-02-05,18631.61
2021-02-08,18876.94
2021-02-09,18867.87
2021-02-10,18896.00
2021-02-11,18993.38
2021-02-12,18984.95
2021-02-15,19174.53
2021-02-16,19197.73
2021-02-17,19127.05
2021-02-18,19079.01
2021-02-19,18886.34
2021-02-22,18551.85
2021-02-23,18629.78
2021-02-24,18920.72
2021-02-25,19091.93
2021-02-26,18504.86
2021-03-01,18788.79
2021-03-02,19018.35
2021-03-03,19391.15
2021-03-04,19275.76
2021-03-05,19048.33
2021-03-08,19080.72
2021-03-09,19169.29
2021-03-10,19282.39
2021-03-12,19134.34
2021-03-15,19009.24
2021-03-16,19013.09
2021-03-17,18720.14
2021-03-18,18500.44
2021-03-19,18713.40
2021-03-22,18751.47
2021-03-23,18872.96
2021-03-24,18538.40
2021-03-25,18229.33
2021-03-26,18465.85
2021-03-30,18830.03
2021-03-31,18717.24
2021-04-01,18968.55
2021-04-05,18694.76
2021-04-06,18785.23
2021-04-07,18972.60
2021-04-08,19065.82
2021-04-09,19044.22
2021-04-12,18279.05
2021-04-13,18526.24
2021-04-15,18603.68
2021-04-16,18695.58
2021-04-19,18359.48
2021-04-20,18327.47
2021-04-22,18444.73
2021-04-23,18404.47
2021-04-26,18573.67
2021-04-27,18795.17
2021-04-28,19031.44
2021-04-29,19058.16
2021-04-30,18802.03
2021-05-03,18848.97
2021-05-04,18704.85
2021-05-05,18876.03
2021-05-06,19011.17
2021-05-07,19104.24
2021-05-10,19266.67
2021-05-11,19225.10
2021-05-12,19066.54
2021-05-14,18966.49
2021-05-17,19270.53
2021-05-18,19524.65
2021-05-19,19478.90
2021-05-20,19368.54
2021-05-21,19644.37
2021-05-24,19712.23
2021-05-25,19717.29
2021-05-26,19807.35
2021-05-27,19874.32
2021-05-28,19952.29
2021-05-31,20138.10
2021-06-01,20113.79
2021-06-02,20210.99
2021-06-03,20376.14
2021-06-04,20396.67
2021-06-07,20527.27
2021-06-08,20553.02
2021-06-09,20400.55
2021-06-10,20596.64
2021-06-11,20672.33
2021-06-14,20660.97
2021-06-15,20742.75
2021-06-16,20595.05
2021-06-17,20470.40
2021-06-18,20411.66
2021-06-21,20518.07
2021-06-22,20571.44
2021-06-23,20468.10
2021-06-24,20537.58
2021-06-25,20646.10
2021-06-28,20636.45
2021-06-29,20564.62
2021-06-30,20552.20
2021-07-01,20524.09
2021-07-02,20585.64
2021-07-05,20726.43
2021-07-06,20709.59
2021-07-07,20796.33
2021-07-08,20651.57
2021-07-09,20645.03
2021-07-12,20677.41
2021-07-13,20799.35
2021-07-14,20849.70
2021-07-15,20944.04
2021-07-16,20977.88
2021-07-19,20791.94
2021-07-20,20602.80
2021-07-22,20871.08
2021-07-23,20900.63
2021-07-26,20882.53
2021-07-27,20785.77
2021-07-28,20742.92
2021-07-29,20845.17
2021-07-30,20876.60
2021-08-02,21060.19
2021-08-03,21297.96
2021-08-04,21344.42
2021-08-05,21365.73
2021-08-06,21324.85
2021-08-09,21296.21
2021-08-10,21232.02
2021-08-11,21208.20
2021-08-12,21355.83
2021-08-13,21498.96
2021-08-16,21507.33
2021-08-17,21573.22
2021-08-18,21547.14
2021-08-20,21315.55
2021-08-23,21296.00
2021-08-24,21499.00
2021-08-25,21545.48
2021-08-26,21566.38
2021-08-27,21697.34
2021-08-30,22011.32
2021-08-31,22253.61
2021-09-01,22246.76
2021-09-02,22452.00
2021-09-03,22566.65
2021-09-06,22637.89
2021-09-07,22604.92
2021-09-08,22641.43
2021-09-09,22691.66
2021-09-13,22716.99
2021-09-14,22797.33
2021-09-15,22975.20
2021-09-16,23106.08
2021-09-17,22987.76
2021-09-20,22681.84
2021-09-21,22865.10
2021-09-22,22932.93
2021-09-23,23261.84
2021-09-24,23241.27
2021-09-27,23236.80
2021-09-28,23094.75
2021-09-29,23081.51
2021-09-30,23029.08
2021-10-01,22969.86
2021-10-04,23225.63
2021-10-05,23377.08
2021-10-06,23154.34
2021-10-07,23392.45
2021-10-08,23507.21
2021-10-11,23603.30
2021-10-12,23685.80
2021-10-13,23914.47
2021-10-14,24126.87
2021-10-18,24305.72
2021-10-19,24109.39
2021-10-20,23820.00
2021-10-21,23698.38
2021-10-22,23563.80
2021-10-25,23463.94
2021-10-26,23731.73
2021-10-27,23708.68
2021-10-28,23259.72
2021-10-29,23100.97
2021-11-01,23431.96
2021-11-02,23452.89
2021-11-03,23404.31
2021-11-04,23548.48
2021-11-08,23768.47
2021-11-09,23803.67
2021-11-10,23772.02
2021-11-11,23608.35
2021-11-12,23865.63
2021-11-15,23886.54
2021-11-16,23783.60
2021-11-17,23677.24
2021-11-18,23443.76
2021-11-22,22948.81
2021-11-23,23150.31
2021-11-24,23057.77
2021-11-25,23217.37
2021-11-26,22537.92
2021-11-29,22460.10
2021-11-30,22447.74
2021-12-01,22656.71
2021-12-02,22946.71
2021-12-03,22766.46
2021-12-06,22401.81
2021-12-07,22733.04
2021-12-08,23098.91
2021-12-09,23180.65
2021-12-10,23224.15
2021-12-13,23085.13
2021-12-14,23052.95
2021-12-15,22914.80
2021-12-16,22889.27
2021-12-17,22489.29
2021-12-20,21918.48
2021-12-21,22164.77
2021-12-22,22442.93
2021-12-23,22614.17
2021-12-24,22481.33
2021-12-27,22577.60
2021-12-28,22792.66
2021-12-29,22785.85
2021-12-30,22754.58
2021-12-31,22990.88
2022-01-03,23310.38
2022-01-04,23485.37
2022-01-05,23604.46
2022-01-06,23441.51
2022-01-07,23531.13
2022-01-10,23756.45
2022-01-11,23810.11
2022-01-12,24020.69
2022-01-13,24102.20
2022-01-14,24116.52
2022-01-17,24194.84
2022-01-18,23875.70
2022-01-19,23722.89
2022-01-20,23554.44
2022-01-21,23278.25
2022-01-24,22560.17
2022-01-25,22744.48
2022-01-27,22510.82
2022-01-28,22577.57
2022-01-31,22881.58
2022-02-01,23180.44
2022-02-02,23452.49
2022-02-03,23215.34
2022-02-04,23138.74
2022-02-07,22809.50
2022-02-08,22788.92
2022-02-09,23037.24
2022-02-10,23186.39
2022-02-11,22847.57
2022-02-14,22103.72
2022-02-15,22726.82
2022-02-16,22706.70
2022-02-17,22682.48
2022-02-18,22588.37
2022-02-21,22419.75
2022-02-22,22254.97
2022-02-23,22282.64
2022-02-24,21159.69
2022-02-25,21793.49
2022-02-28,21978.65
2022-03-02,21812.50
2022-03-03,21714.47
2022-03-04,21341.50
2022-03-07,20836.23
2022-03-08,21055.17
2022-03-09,21477.68
2022-03-10,21799.49
2022-03-11,21873.99
2022-03-14,22085.19
2022-03-15,21841.28
2022-03-16,22250.14
2022-03-17,22618.83
2022-03-21,22437.28
2022-03-22,22624.23
2022-03-23,22579.87
2022-03-24,22586.94
2022-03-25,22513.87
2022-03-28,22551.67
2022-03-29,22684.14
2022-03-30,22892.81
2022-03-31,22889.14
2022-04-01,23185.39
2022-04-04,23642.61
2022-04-05,23653.78
2022-04-06,23557.60
2022-04-07,23362.93
2022-04-08,23579.95
2022-04-11,23553.95
2022-04-12,23306.86
2022-04-13,23266.65
2022-04-18,22940.09
2022-04-19,22634.01
2022-04-20,22824.10
2022-04-21,23137.67
2022-04-22,22893.20
2022-04-25,22552.63
2022-04-26,22899.02
2022-04-27,22680.26
2022-04-28,22926.74
2022-04-29,22726.01
2022-05-02,22653.68
2022-05-04,22126.53
2022-05-05,22130.39
2022-05-06,21746.45
2022-05-09,21509.71
2022-05-10,21301.05
2022-05-11,21171.75
2022-05-12,20714.03
2022-05-13,20723.68
2022-05-16,20877.04
2022-05-17,21423.03
2022-05-18,21410.98
2022-05-19,20845.90
2022-05-20,21375.43
2022-05-23,21284.62
2022-05-24,21148.40
2022-05-25,20912.97
2022-05-26,21131.35
2022-05-27,21363.35
2022-05-30,21797.25
2022-05-31,21765.82
2022-06-01,21709.49
2022-06-02,21841.16
2022-06-03,21702.58
2022-06-06,21666.17
2022-06-07,21483.60
2022-06-08,21408.54
2022-06-09,21551.00
2022-06-10,21250.32
2022-06-13,20687.80
2022-06-14,20644.23
2022-06-15,20646.77
2022-06-16,20197.00
2022-06-17,20052.33
2022-06-20,19985.84
2022-06-21,20435.50
2022-06-22,20136.40
2022-06-23,20339.15
2022-06-24,20561.02
2022-06-27,20749.40
2022-06-28,20779.92
2022-06-29,20708.33
2022-06-30,20667.27
2022-07-01,20678.08
2022-07-04,20802.77
2022-07-05,20787.26
2022-07-06,21048.95
2022-07-07,21257.79
2022-07-08,21355.42
2022-07-11,21446.79
2022-07-12,21281.05
2022-07-13,21200.87
2022-07-14,21171.19
2022-07-15,21306.94
2022-07-18,21606.99
2022-07-19,21714.15
2022-07-20,21888.95
2022-07-21,22064.83
2022-07-22,22165.12
2022-07-25,22077.13
2022-07-26,21864.15
2022-07-27,22053.68
2022-07-28,22374.32
2022-07-29,22678.29
2022-08-01,22960.55
2022-08-02,23008.71
2022-08-03,23012.66
2022-08-04,23035.97
2022-08-05,23048.31
2022-08-08,23199.97
2022-08-10,23191.70
2022-08-11,23369.29
2022-08-12,23440.39
2022-08-16,23657.00
2022-08-17,23809.95
2022-08-18,23858.77
2022-08-19,23602.41
2022-08-22,23238.86
2022-08-23,23376.55
2022-08-24,23453.99
2022-08-25,23392.71
2022-08-26,23465.33
2022-08-29,23194.58
2022-08-30,23740.37
2022-09-01,23564.70
2022-09-02,23550.07
2022-09-05,23693.79
2022-09-06,23722.71
2022-09-07,23732.85
2022-09-08,23921.00
2022-09-09,23962.62
2022-09-12,24133.13
2022-09-13,24276.42
2022-09-14,24215.82
2022-09-15,24139.94
2022-09-16,23618.75
2022-09-19,23696.71
2022-09-20,23971.12
2022-09-21,23802.29
2022-09-22,23763.44
2022-09-23,23333.25
2022-09-26,22818.87
2022-09-27,22821.33
2022-09-28,22656.00
2022-09-29,22627.96
2022-09-30,22979.45
2022-10-03,22683.76
2022-10-04,23190.95
2022-10-06,23326.09
2022-10-07,23300.77
2022-10-10,23168.98
2022-10-11,22812.98
2022-10-12,22980.40
2022-10-13,22825.98
2022-10-14,22957.38
2022-10-17,23100.15
2022-10-18,23333.17
2022-10-19,23354.01
2022-10-20,23421.44
2022-10-21,23373.43
2022-10-24,23555.80
2022-10-25,23492.95
2022-10-27,23638.82
2022-10-28,23634.83
2022-10-31,23919.76
2022-11-01,24098.84
2022-11-02,24037.05
2022-11-03,24017.67
2022-11-04,24089.43
2022-11-07,24220.28
2022-11-09,24148.28
2022-11-10,23950.94
2022-11-11,24275.37
2022-11-14,24277.12
2022-11-15,24345.02
2022-11-16,24297.65
2022-11-17,24195.57
2022-11-18,24124.30
2022-11-21,23973.98
2022-11-22,24060.50
2022-11-23,24105.44
2022-11-24,24326.89
2022-11-25,24398.91
2022-11-28,24487.63
2022-11-29,24531.13
2022-11-30,24738.49
2022-12-01,24828.21
2022-12-02,24765.44
2022-12-05,24771.15
2022-12-06,24702.36
2022-12-07,24608.00
2022-12-08,24684.18
2022-12-09,24531.62
2022-12-12,24555.31
2022-12-13,24673.99
2022-12-14,24765.99
2022-12-15,24486.80
2022-12-16,24258.00
2022-12-19,24442.38
2022-12-20,24397.44
2022-12-21,24089.23
2022-12-22,23940.18
2022-12-23,23342.13
2022-12-26,23733.97
2022-12-27,23919.81
2022-12-28,23942.23
2022-12-29,24023.53
2022-12-30,23967.12
2023-01-02,24083.14
2023-01-03,24136.79
2023-01-04,23881.12
2023-01-05,23870.50
2023-01-06,23693.33
2023-01-09,23969.66
2023-01-10,23775.95
2023-01-11,23738.93
2023-01-12,23705.17
2023-01-13,23808.34
2023-01-16,23745.24
2023-01-17,23885.99
2023-01-18,23994.91
2023-01-19,23924.61
2023-01-20,23813.19
2023-01-23,23899.01
2023-01-24,23876.66
2023-01-25,23541.16
2023-01-27,23080.08
2023-01-30,23048.29
2023-01-31,23175.05
2023-02-01,23038.80
2023-02-02,23026.24
2023-02-03,23217.58
2023-02-06,23174.09
2023-02-07,23125.02
2023-02-08,23322.64
2023-02-09,23325.42
2023-02-10,23304.12
2023-02-13,23125.41
2023-02-14,23231.75
2023-02-15,23352.25
2023-02-16,23420.94
2023-02-17,23298.25
2023-02-20,23197.00
2023-02-21,23158.96
2023-02-22,22830.35
2023-02-23,22775.81
2023-02-24,22719.84
2023-02-27,22592.89
2023-02-28,22546.35
2023-03-01,22773.28
2023-03-02,22652.74
2023-03-03,22943.96
2023-03-06,23108.97
2023-03-08,23172.99
2023-03-09,22989.73
2023-03-10,22797.01
2023-03-13,22446.97
2023-03-14,22298.04
2023-03-15,22238.83
2023-03-16,22254.68
2023-03-17,22395.26
2023-03-20,22234.47
2023-03-21,22380.86
2023-03-22,22456.46
2023-03-23,22368.83
2023-03-24,22176.11
2023-03-27,22150.83
2023-03-28,22071.73
2023-03-29,22279.71
2023-03-31,22609.54
2023-04-03,22678.03
2023-04-05,22844.93
2023-04-06,22922.21
2023-04-10,22970.96
2023-04-11,23090.27
2023-04-12,23205.72
2023-04-13,23227.12
2023-04-17,23149.56
2023-04-18,23138.20
2023-04-19,23075.89
2023-04-20,23083.44
2023-04-21,23061.48
2023-04-24,23190.50
2023-04-25,23230.20
2023-04-26,23290.30
2023-04-27,23415.66
2023-04-28,23643.94
2023-05-02,23770.12
2023-05-03,23732.29
2023-05-04,23932.90
2023-05-05,23735.76
2023-05-08,23966.42
2023-05-09,23956.36
2023-05-10,24027.20
2023-05-11,24055.22
2023-05-12,24044.99
2023-05-15,24157.41
2023-05-16,24100.95
2023-05-17,23998.15
2023-05-18,23897.44
2023-05-19,23970.65
2023-05-22,24120.68
2023-05-23,24184.07
2023-05-24,24139.55
2023-05-25,24200.87
2023-05-26,24420.97
2023-05-29,24538.66
2023-05-30,24580.88
2023-05-31,24538.09
2023-06-01,24528.90
2023-06-02,24622.76
2023-06-05,24698.02
2023-06-06,24727.42
2023-06-07,24927.81
2023-06-08,24794.46
2023-06-09,24728.83
2023-06-12,24809.86
2023-06-13,24995.38
2023-06-14,25051.74
2023-06-15,25016.49
2023-06-16,25210.05
2023-06-19,25152.76
2023-06-20,25242.91
2023-06-21,25307.38
2023-06-22,25151.71
2023-06-23,24951.37
2023-06-26,25036.52
2023-06-27,25188.25
2023-06-28,25365.60
2023-06-30,25605.81
2023-07-03,25758.55
2023-07-04,25802.39
2023-07-05,25866.77
2023-07-06,26019.50
2023-07-07,25819.68
2023-07-10,25802.98
2023-07-11,25951.75
2023-07-12,25941.03
2023-07-13,25915.16
2023-07-14,26140.06
2023-07-17,26306.40
2023-07-18,26306.44
2023-07-19,26433.69
2023-07-20,26576.66
2023-07-21,26363.76
2023-07-24,26302.90
2023-07-25,26352.58
2023-07-26,26474.86
2023-07-27,26390.08
2023-07-28,26439.89
2023-07-31,26612.52
2023-08-01,26600.66
2023-08-02,26308.16
2023-08-03,26176.98
2023-08-04,26362.94
2023-08-07,26465.57
2023-08-08,26454.63
2023-08-09,26551.16
2023-08-10,26451.46
2023-08-11,26335.87
2023-08-14,26285.20
2023-08-16,26328.16
2023-08-17,26249.46
2023-08-18,26183.37
2023-08-21,26337.03
2023-08-22,26420.68
2023-08-23,26491.09
2023-08-24,26459.92
2023-08-25,26289.91
2023-08-28,26374.96
2023-08-29,26456.41
2023-08-30,26521.52
2023-08-31,26451.77
2023-09-01,26687.23
2023-09-04,26853.57
2023-09-05,26964.77
2023-09-06,27015.63
2023-09-07,27173.35
2023-09-08,27333.04
2023-09-11,27592.63
2023-09-12,27291.38
2023-09-13,27394.90
2023-09-14,27515.02
2023-09-15,27612.99
2023-09-18,27531.77
2023-09-20,27275.34
2023-09-21,27047.52
2023-09-22,26981.05
2023-09-25,26999.45
2023-09-26,27006.00
2023-09-27,27107.39
2023-09-28,26840.81
2023-09-29,27031.74
2023-10-03,26972.02
2023-10-04,26766.76
2023-10-05,26880.39
2023-10-06,27033.29
2023-10-09,26773.95
2023-10-10,27048.54
2023-10-11,27211.10
2023-10-12,27230.45
2023-10-13,27184.52
2023-10-16,27188.68
2023-10-17,27305.47
2023-10-18,27112.09
2023-10-19,27061.52
2023-10-20,26905.17
2023-10-23,26404.83
2023-10-25,26217.58
2023-10-26,25896.34
2023-10-27,26225.88
2023-10-30,26320.74
2023-10-31,26281.76
2023-11-01,26176.34
2023-11-02,26428.25
2023-11-03,26603.20
2023-11-06,26852.91
2023-11-07,26897.88
2023-11-08,27010.76
2023-11-09,26947.40
2023-11-10,27007.31
2023-11-12,27170.84
2023-11-13,27105.14
2023-11-15,27402.22
2023-11-16,27539.17
2023-11-17,27551.74
2023-11-20,27510.09
2023-11-21,27594.87
2023-11-22,27595.66
2023-11-23,27614.05
2023-11-24,27621.90
2023-11-28,27775.75
2023-11-29,28029.82
2023-11-30,28161.16
2023-12-01,28360.55
2023-12-04,28882.17
2023-12-05,29101.40
2023-12-06,29244.57
2023-12-07,29281.91
2023-12-08,29281.34
2023-12-11,29385.81
2023-12-12,29255.20
2023-12-13,29356.39
2023-12-14,29704.91
2023-12-15,29972.97
2023-12-18,29989.39
2023-12-19,30010.85
2023-12-20,29400.59
2023-12-21,29654.71
2023-12-22,29831.49
2023-12-26,29978.90
2023-12-27,30210.78
2023-12-28,30370.94
2023-12-29,30417.80
2024-01-01,30480.99
2024-01-02,30400.92
2024-01-03,30320.70
2024-01-04,30593.27
2024-01-05,30670.51
2024-01-08,30399.86
2024-01-09,30465.39
2024-01-10,30556.65
2024-01-11,30660.78
2024-01-12,30913.19
2024-01-15,31132.31
2024-01-16,31041.51
2024-01-17,30509.29
2024-01-18,30395.29
2024-01-19,30703.17
2024-01-20,30696.16
2024-01-23,30076.99
2024-01-24,30460.23
2024-01-25,30369.59
2024-01-29,30868.87
2024-01-30,30654.14
2024-01-31,31011.17
2024-02-01,30972.56
2024-02-02,31181.94
2024-02-05,31092.89
2024-02-06,31378.02
2024-02-07,31497.14
2024-02-08,31317.58
2024-02-09,31279.68
2024-02-12,30831.81
2024-02-13,31000.76
2024-02-14,31219.36
2024-02-15,31403.73
2024-02-16,31609.27
2024-02-19,31728.70
2024-02-20,31781.65
2024-02-21,31557.54
2024-02-22,31802.39
2024-02-23,31849.62
2024-02-26,31759.23
2024-02-27,31817.30
2024-02-28,31390.09
2024-02-29,31499.31
2024-03-01,31906.58
2024-03-02,32018.73
2024-03-04,32035.51
2024-03-05,31957.10
2024-03-06,31953.91
2024-03-07,32040.62
2024-03-11,31811.65
2024-03-12,31627.67
2024-03-13,30804.35
2024-03-14,31227.76
2024-03-15,31085.07
2024-03-18,31113.75
2024-03-19,30749.48
2024-03-20,30783.19
2024-03-21,31199.42
2024-03-22,31353.21
2024-03-26,31369.91
2024-03-27,31499.32
2024-03-28,31763.25
2024-04-01,32135.55
2024-04-02,32256.66
2024-04-03,32313.03
2024-04-04,32405.59
2024-04-05,32484.71
2024-04-08,32647.88
2024-04-09,32603.32
2024-04-10,32798.55
2024-04-12,32532.43
2024-04-15,32114.13
2024-04-16,32026.71
2024-04-18,31872.54
2024-04-19,31967.61
2024-04-22,32265.09
2024-04-23,32387.08
2024-04-24,32509.43
2024-04-25,32724.61
2024-04-26,32679.86
2024-04-29,32919.57
2024-04-30,32927.38
2024-05-02,33063.00
2024-05-03,32868.94
2024-05-06,32720.60
2024-05-07,32365.34
2024-05-08,32473.36
2024-05-09,31908.53
2024-05-10,32132.23
2024-05-13,32197.97
2024-05-14,32469.95
2024-05-15,32561.48
2024-05-16,32860.88
2024-05-17,33073.63
2024-05-18,33199.10
2024-05-21,33266.91
2024-05-22,33357.18
2024-05-23,33752.67
2024-05-24,33744.48
2024-05-27,33759.03
2024-05-28,33593.17
2024-05-29,33387.37
2024-05-30,33045.31
2024-05-31,33168.20
2024-06-03,34259.21
2024-06-04,31956.22
2024-06-05,33104.99
2024-06-06,33593.36
2024-06-07,34221.81
2024-06-10,34291.15
2024-06-11,34365.13
2024-06-12,34536.95
2024-06-13,34715.59
2024-06-14,34943.92
2024-06-18,35127.10
2024-06-19,34963.41
2024-06-20,35096.03
2024-06-21,34991.85
2024-06-24,35075.14
2024-06-25,35204.26
2024-06-26,35308.41
2024-06-27,35467.61
2024-06-28,35506.97
2024-07-01,35771.61
2024-07-02,35693.16
2024-07-03,35966.18
2024-07-04,36066.06
2024-07-05,36187.04
2024-07-08,36161.20
2024-07-09,36314.78
2024-07-10,36173.97
2024-07-11,36217.50
2024-07-12,36362.30
2024-07-15,36542.56
2024-07-16,36536.66
2024-07-18,36546.20
2024-07-19,35989.82
2024-07-22,36130.29
2024-07-23,36011.83
2024-07-24,36101.16
2024-07-25,36094.83
2024-07-26,36686.77
2024-07-29,36848.02
2024-07-30,36923.23
2024-07-31,37066.08
2024-08-01,37029.53
2024-08-02,36647.21
2024-08-05,35519.50
2024-08-06,35364.14
2024-08-07,36012.32
2024-08-08,35786.64
2024-08-09,36133.36
2024-08-12,36135.49
2024-08-13,35804.66
2024-08-14,35754.30
2024-08-16,36365.97
2024-08-19,36503.86
2024-08-20,36726.55
2024-08-21,36866.43
2024-08-22,36980.53
2024-08-23,36949.74
2024-08-26,37175.56
2024-08-27,37243.60
2024-08-28,37261.15
2024-08-29,37285.57
2024-08-30,37449.92
2024-09-02,37491.24
2024-09-03,37535.12
2024-09-04,37472.70
2024-09-05,37494.75
2024-09-06,37045.67
2024-09-09,37084.59
2024-09-10,37307.88
2024-09-11,37130.71
2024-09-12,37724.21
2024-09-13,37757.92
2024-09-16,37821.03
2024-09-17,37824.52
2024-09-18,37712.14
2024-09-19,37642.28
2024-09-20,38179.29
2024-09-23,38472.29
2024-09-24,38488.87
2024-09-25,38460.31
2024-09-26,38658.58
2024-09-27,38646.95
2024-09-30,38261.39
2024-10-01,38302.54
2024-10-03,37488.51
2024-10-04,37140.49
2024-10-07,36583.47
2024-10-08,37105.17
2024-10-09,37242.54
2024-10-10,37240.29
2024-10-11,37261.17
2024-10-14,37443.97
2024-10-15,37457.60
2024-10-16,37358.90
2024-10-17,36891.53
2024-10-18,36994.04
2024-10-21,36713.97
2024-10-22,36008.15
2024-10-23,36050.23
2024-10-24,35966.15
2024-10-25,35510.88
2024-10-28,35749.31
2024-10-29,35992.90
2024-10-30,35921.77
2024-10-31,35830.98
2024-11-01,36042.89
2024-11-04,35561.76
2024-11-05,35816.90
2024-11-06,36377.55
2024-11-07,36023.67
2024-11-08,35771.65
2024-11-11,35685.95
2024-11-12,35275.39
2024-11-13,34618.08
2024-11-14,34699.38
2024-11-18,34599.09
2024-11-19,34766.49
2024-11-21,34476.59
2024-11-22,35116.00
2024-11-25,35635.18
2024-11-26,35649.51
2024-11-27,35853.83
2024-11-28,35573.80
2024-11-29,35847.40
2024-12-02,36082.61
2024-12-03,36374.88
2024-12-04,36499.26
2024-12-05,36781.26
2024-12-06,36835.17
2024-12-09,36803.45
2024-12-10,36839.60
2024-12-11,36907.95
2024-12-12,36747.20
2024-12-13,36909.23
2024-12-16,36898.98
2024-12-17,36493.34
2024-12-18,36238.39
2024-12-19,35950.45
2024-12-20,35266.62
2024-12-23,35413.41
2024-12-24,35401.02
2024-12-26,35444.76
2024-12-27,35468.25
2024-12-30,35329.04
2024-12-31,35357.90
2025-01-01,35526.08
2025-01-02,36060.05
2025-01-03,35883.72
2025-01-06,35120.87
2025-01-07,35304.55
2025-01-08,35131.01
2025-01-09,34838.29
2025-01-10,34447.06
2025-01-13,33569.22
2025-01-14,33944.68
2025-01-15,34055.47
2025-01-16,34313.80
2025-01-17,34278.13
2025-01-20,34481.71
2025-01-21,33887.69
2025-01-22,33829.92
2025-01-23,34053.66
2025-01-24,33707.25
2025-01-27,33062.34
2025-01-28,33084.22
2025-01-29,33593.20
2025-01-30,33676.11
2025-01-31,34130.93
2025-02-01,34132.24
2025-02-03,33849.51
2025-02-04,34363.72
2025-02-05,34453.97
2025-02-06,34279.63
2025-02-07,34246.84
2025-02-10,33812.23
2025-02-11,33146.32
2025-02-12,33091.14
2025-02-13,33086.76
2025-02-14,32659.90
2025-02-17,32691.24
2025-02-18,32627.75
2025-02-19,32817.74
2025-02-20,32975.85
2025-02-21,32753.50
2025-02-24,32402.38
2025-02-25,32323.82
2025-02-27,32160.49
2025-02-28,31473.37
2025-03-03,31498.76
2025-03-04,31531.88
2025-03-05,32068.00
2025-03-06,32369.70
2025-03-07,32364.23
2025-03-10,32084.18
2025-03-11,32142.17
2025-03-12,32081.82
2025-03-13,31942.25
2025-03-17,32119.96
2025-03-18,32703.97
2025-03-19,33033.14
2025-03-20,33358.70
2025-03-21,33681.84
2025-03-24,34100.12
2025-03-25,33941.26
2025-03-26,33685.64
2025-03-27,33895.46
2025-03-28,33787.56
2025-04-01,33361.96
2025-04-02,33670.61
2025-04-03,33635.56
2025-04-04,32942.09
2025-04-07,31834.33
2025-04-08,32428.26
2025-04-09,32231.86
2025-04-11,32859.13
2025-04-15,33692.80
2025-04-16,33890.74
2025-04-17,34329.58
2025-04-21,34842.91
2025-04-22,34968.69
2025-04-23,35210.27
2025-04-24,35120.10
2025-04-25,34594.15
2025-04-28,34999.51
2025-04-29,35016.37
2025-04-30,34886.08
2025-05-02,34848.28
2025-05-05,35147.86
2025-05-06,34770.10
2025-05-07,34953.84
2025-05-08,34590.60
2025-05-09,34326.37
2025-05-12,35650.00
2025-05-13,35393.94
2025-05-14,35632.27
2025-05-15,36090.63
2025-05-16,36232.61
2025-05-19,36224.52
2025-05-20,35780.62
2025-05-21,36010.70
2025-05-22,35797.03
2025-05-23,36092.88
2025-05-26,36294.53
2025-05-27,36149.56
2025-05-28,36105.43
2025-05-29,36236.36
2025-05-30,36160.26
2025-06-02,36211.90
2025-06-03,36024.39
2025-06-04,36185.79
2025-06-05,36386.82
2025-06-06,36753.75
2025-06-09,37016.25
2025-06-10,37032.96
2025-06-11,37030.15
2025-06-12,36568.42
2025-06-13,36348.18
2025-06-16,36648.19
2025-06-17,36468.69
2025-06-18,36379.40
2025-06-19,36123.39
2025-06-20,36565.82
2025-06-23,36507.74
2025-06-24,36687.65
2025-06-25,36979.23
2025-06-26,37329.53
2025-06-27,37526.73
2025-06-30,37522.38
2025-07-01,37519.71
2025-07-02,37411.42
2025-07-03,37371.00
2025-07-04,37443.20
2025-07-07,37426.49
2025-07-08,37461.97
2025-07-09,37438.19
2025-07-10,37302.43
2025-07-11,37005.03
2025-07-14,37047.20
2025-07-15,37270.09
2025-07-16,37309.40
2025-07-17,37225.68
2025-07-18,37010.28
2025-07-21,37174.68
2025-07-22,37083.15
2025-07-23,37254.92
2025-07-24,37054.58
2025-07-25,36612.62
2025-07-28,36349.32
2025-07-29,36605.74
2025-07-30,36647.67
2025-07-31,36461.71
2025-08-01,36086.49
2025-08-04,36386.17
2025-08-05,36288.64
2025-08-06,36081.74
2025-08-07,36126.45
2025-08-08,35729.39
2025-08-11,36032.97
2025-08-12,35945.46
2025-08-13,36153.37
2025-08-14,36135.65
2025-08-18,36537.05
2025-08-19,36753.67
2025-08-20,36875.67
2025-08-21,36869.09
2025-08-22,36639.05
2025-08-25,36737.52
2025-08-26,36286.08
2025-08-28,35924.50
2025-08-29,35799.38
2025-09-01,36198.88
2025-09-02,36216.30
2025-09-03,36439.98
2025-09-04,36373.30
2025-09-05,36388.38
2025-09-08,36467.99
2025-09-09,36580.32
2025-09-10,36780.00
2025-09-11,36825.45
2025-09-12,36965.52
2025-09-15,37006.74
2025-09-16,37251.37
2025-09-17,37372.44
2025-09-18,37490.10
2025-09-19,37439.30
2025-09-22,37272.18
2025-09-23,37182.63
2025-09-24,36948.25
2025-09-25,36699.82
2025-09-26,36206.84
2025-09-29,36248.22
2025-09-30,36240.26
2025-10-01,36549.80
2025-10-03,36708.39
2025-10-06,36934.66
2025-10-07,36998.14
2025-10-08,36838.50
2025-10-09,37049.58
2025-10-10,37202.44
2025-10-13,37134.35
2025-10-14,36957.77
2025-10-15,37268.03
2025-10-16,37565.29
2025-10-17,37622.31
2025-10-20,37812.39
2025-10-21,37881.08
2025-10-23,37876.13
2025-10-24,37766.89
2025-10-27,38030.32
2025-10-28,37985.14
2025-10-29,38208.18
2025-10-30,38030.97
2025-10-31,37822.45
2025-11-03,37983.99
2025-11-04,37768.49
2025-11-06,37510.82
2025-11-07,37532.20
2025-11-10,37656.69
2025-11-11,37794.11
2025-11-12,38040.22
2025-11-13,38007.30
2025-11-14,38041.15
2025-11-17,38229.80
2025-11-18,38023.56
2025-11-19,38154.25
2025-11-20,38264.88
2025-11-21,37970.16
2025-11-24,37785.50
2025-11-25,37754.36
2025-11-26,38234.47
2025-11-27,38222.54
2025-11-28,38199.35
2025-12-01,38182.16
2025-12-02,38022.20
2025-12-03,37853.13
2025-12-04,37892.73
2025-12-05,38043.05
2025-12-08,37549.77
2025-12-09,37533.89
2025-12-10,37362.36
2025-12-11,37589.10
2025-12-12,37869.00
2025-12-15,37867.37
2025-12-16,37619.88
2025-12-17,37501.66
2025-12-18,37494.35
2025-12-19,37791.42
2025-12-22,38094.83
2025-12-23,38138.72
2025-12-24,38067.12
2025-12-26,37955.38
2025-12-29,37798.74
2025-12-30,37777.45
2025-12-31,38101.06
2026-01-01,38161.77
2026-01-02,38464.10
2026-01-05,38399.37
2026-01-06,38322.83
2026-01-07,38332.63
2026-01-08,37795.55
2026-01-09,37455.92
2026-01-12,37524.71
2026-01-13,37477.21
2026-01-14,37469.50
2026-01-16,37498.02
2026-01-19,37319.93
2026-01-20,36638.57
2026-01-21,36460.89
2026-01-22,36738.03
2026-01-23,36255.23
2026-01-27,36436.73
2026-01-28,36856.46
2026-01-29,36940.90
2026-01-30,36853.92
2026-02-01,36106.27
2026-02-02,36466.76
2026-02-03,37439.87
2026-02-04,37582.10
2026-02-05,37388.00
2026-02-06,37429.30
2026-02-09,37830.83
2026-02-10,37944.59
2026-02-11,37995.17
2026-02-12,37785.12
2026-02-13,37245.02
2026-02-16,37500.33
2026-02-17,37608.58
2026-02-18,37783.04
2026-02-19,37226.45
2026-02-20,37384.87
2026-02-23,37528.69
2026-02-24,37240.51
2026-02-25,37399.02
2026-02-26,37470.48
2026-02-27,37020.38
2026-03-02,36491.59
2026-03-04,35810.62
2026-03-05,36270.84
2026-03-06,35926.53
2026-03-09,35247.72
2026-03-10,35705.47
2026-03-11,35225.15
2026-03-12,34995.14
2026-03-13,34186.38
