date,NIFTY SMALLCAP 250
2016-03-11,4560.76
2016-03-14,4585.02
2016-03-15,4559.27
2016-03-16,4554.09
2016-03-17,4571.06
2016-03-18,4589.05
2016-03-21,4644.73
2016-03-22,4663.94
2016-03-23,4671.32
2016-03-28,4597.37
2016-03-29,4591.42
2016-03-30,4681.98
2016-03-31,4697.09
2016-04-01,4742.59
2016-04-04,4782.21
2016-04-05,4698.47
2016-04-06,4755.72
2016-04-07,4740.1
2016-04-08,4777.98
2016-04-11,4813.51
2016-04-12,4864.27
2016-04-13,4916.95
2016-04-18,4977.96
2016-04-20,5008.96
2016-04-21,4986.51
2016-04-22,4985.52
2016-04-25,4962.56
2016-04-26,4985.93
2016-04-27,5001.27
2016-04-28,4947.02
2016-04-29,4946.67
2016-05-02,4955.11
2016-05-03,4952.7
2016-05-04,4887.46
2016-05-05,4892.85
2016-05-06,4897.05
2016-05-09,4958.04
2016-05-10,4964.87
2016-05-11,4960.15
2016-05-12,5007.86
2016-05-13,4997.17
2016-05-16,4991.08
2016-05-17,5007.95
2016-05-18,5030.72
2016-05-19,4979.2
2016-05-20,4921.85
2016-05-23,4893.45
2016-05-24,4856.61
2016-05-25,4897.73
2016-05-26,4936.04
2016-05-27,4965.49
2016-05-30,4988.99
2016-05-31,4978.53
2016-06-01,5000.11
2016-06-02,5011.95
2016-06-03,4996.13
2016-06-06,5010.37
2016-06-07,5053.94
2016-06-08,5107.64
2016-06-09,5112.92
2016-06-10,5116.07
2016-06-13,5106.1
2016-06-14,5136.9
2016-06-15,5185.4
2016-06-16,5166.12
2016-06-17,5203.3
2016-06-20,5213.05
2016-06-21,5230.32
2016-06-22,5199.39
2016-06-23,5189.85
2016-06-24,5095.2
2016-06-27,5200.75
2016-06-28,5231.05
2016-06-29,5317.57
2016-06-30,5375.99
2016-07-01,5416.97
2016-07-04,5479.87
2016-07-05,5491.74
2016-07-07,5498.19
2016-07-08,5471.53
2016-07-11,5518.09
2016-07-12,5526.65
2016-07-13,5475.26
2016-07-14,5521.55
2016-07-15,5481.03
2016-07-18,5457.77
2016-07-19,5457.34
2016-07-20,5511.12
2016-07-21,5507.23
2016-07-22,5530.29
2016-07-25,5580.59
2016-07-26,5550.77
2016-07-27,5575.83
2016-07-28,5613.18
2016-07-29,5611.22
2016-08-01,5603.95
2016-08-02,5552.82
2016-08-03,5492.93
2016-08-04,5506.13
2016-08-05,5589.5
2016-08-08,5628.67
2016-08-09,5608.07
2016-08-10,5536.81
2016-08-11,5528.93
2016-08-12,5526.68
2016-08-16,5526.97
2016-08-17,5575.87
2016-08-18,5647.26
2016-08-19,5679.07
2016-08-22,5675.63
2016-08-23,5682.99
2016-08-24,5721.6
2016-08-25,5702.96
2016-08-26,5688.09
2016-08-29,5699.42
2016-08-30,5748.58
2016-08-31,5760.83
2016-09-01,5721.71
2016-09-02,5747.47
2016-09-06,5805.39
2016-09-07,5840.85
2016-09-08,5904.09
2016-09-09,5873.67
2016-09-12,5708.87
2016-09-14,5797.05
2016-09-15,5817.97
2016-09-16,5827.74
2016-09-19,5861.85
2016-09-20,5858.11
2016-09-21,5867.32
2016-09-22,5932.3
2016-09-23,5919.88
2016-09-26,5884.77
2016-09-27,5878.71
2016-09-28,5946.65
2016-09-29,5674.83
2016-09-30,5799.29
2016-10-03,5968.23
2016-10-04,6005.62
2016-10-05,6051.56
2016-10-06,6013.26
2016-10-07,6020.89
2016-10-10,6027.9
2016-10-13,5924.41
2016-10-14,5968.72
2016-10-17,5939.19
2016-10-18,6012.38
2016-10-19,6040.0
2016-10-20,6083.18
2016-10-21,6099.28
2016-10-24,6132.24
2016-10-25,6128.39
2016-10-26,6085.13
2016-10-27,6037.84
2016-10-28,6077.99
2016-10-30,6126.26
2016-11-01,6121.65
2016-11-02,6006.92
2016-11-03,5940.99
2016-11-04,5808.11
2016-11-07,5887.13
2016-11-08,5892.55
2016-11-09,5733.9
2016-11-10,5835.91
2016-11-11,5629.94
2016-11-15,5349.46
2016-11-16,5364.44
2016-11-17,5331.95
2016-11-18,5358.13
2016-11-21,5165.25
2016-11-22,5211.58
2016-11-23,5305.88
2016-11-24,5306.62
2016-11-25,5406.6
2016-11-28,5445.39
2016-11-29,5482.8
2016-11-30,5555.57
2016-12-01,5516.86
2016-12-02,5445.83
2016-12-05,5448.03
2016-12-06,5479.49
2016-12-07,5447.89
2016-12-08,5514.48
2016-12-09,5545.51
2016-12-12,5499.06
2016-12-13,5507.53
2016-12-14,5462.05
2016-12-15,5477.85
2016-12-16,5463.79
2016-12-19,5431.55
2016-12-20,5381.8
2016-12-21,5391.15
2016-12-22,5318.02
2016-12-23,5310.74
2016-12-26,5195.86
2016-12-27,5269.96
2016-12-28,5306.9
2016-12-29,5362.28
2016-12-30,5420.82
2017-01-02,5503.39
2017-01-03,5569.42
2017-01-04,5596.01
2017-01-05,5648.99
2017-01-06,5625.28
2017-01-09,5658.42
2017-01-10,5706.04
2017-01-11,5762.3
2017-01-12,5745.11
2017-01-13,5751.67
2017-01-16,5792.47
2017-01-17,5805.94
2017-01-18,5838.11
2017-01-19,5847.27
2017-01-20,5760.43
2017-01-23,5795.82
2017-01-24,5827.77
2017-01-25,5888.73
2017-01-27,5929.86
2017-01-30,5921.28
2017-01-31,5855.69
2017-02-01,5966.66
2017-02-02,6031.88
2017-02-03,6114.14
2017-02-06,6177.41
2017-02-07,6171.5
2017-02-08,6199.84
2017-02-09,6211.21
2017-02-10,6210.76
2017-02-13,6155.76
2017-02-14,6111.02
2017-02-15,6005.73
2017-02-16,6076.92
2017-02-17,6117.56
2017-02-20,6177.76
2017-02-21,6210.19
2017-02-22,6177.71
2017-02-23,6182.22
2017-02-27,6191.32
2017-02-28,6241.56
2017-03-01,6282.83
2017-03-02,6206.25
2017-03-03,6228.56
2017-03-06,6258.0
2017-03-07,6263.74
2017-03-08,6232.7
2017-03-09,6229.74
2017-03-10,6220.96
2017-03-14,6298.58
2017-03-15,6354.99
2017-03-16,6419.83
2017-03-17,6406.38
2017-03-20,6415.92
2017-03-21,6409.81
2017-03-22,6351.15
2017-03-23,6408.85
2017-03-24,6442.91
2017-03-27,6436.17
2017-03-28,6461.64
2017-03-29,6496.01
2017-03-30,6541.53
2017-03-31,6602.37
2017-04-03,6690.01
2017-04-05,6772.86
2017-04-06,6749.24
2017-04-07,6695.38
2017-04-10,6742.96
2017-04-11,6825.33
2017-04-12,6792.86
2017-04-13,6806.95
2017-04-17,6845.56
2017-04-18,6780.81
2017-04-19,6845.22
2017-04-20,6948.71
2017-04-21,6990.78
2017-04-24,7053.83
2017-04-25,7096.36
2017-04-26,7023.79
2017-04-27,7028.37
2017-04-28,7073.99
2017-05-02,7095.82
2017-05-03,7112.47
2017-05-04,7136.07
2017-05-05,7056.46
2017-05-08,7119.56
2017-05-09,7162.14
2017-05-10,7220.53
2017-05-11,7212.16
2017-05-12,7161.81
2017-05-15,7219.46
2017-05-16,7275.88
2017-05-17,7264.54
2017-05-18,7115.15
2017-05-19,7055.79
2017-05-22,6962.43
2017-05-23,6813.09
2017-05-24,6691.34
2017-05-25,6848.42
2017-05-26,6975.85
2017-05-29,6857.28
2017-05-30,6886.09
2017-05-31,6965.39
2017-06-01,7028.62
2017-06-02,7073.48
2017-06-05,7107.64
2017-06-06,7051.08
2017-06-07,7089.41
2017-06-08,7108.34
2017-06-09,7147.51
2017-06-12,7106.88
2017-06-13,7132.98
2017-06-14,7159.7
2017-06-15,7190.01
2017-06-16,7224.11
2017-06-19,7221.87
2017-06-20,7229.22
2017-06-21,7232.64
2017-06-22,7183.51
2017-06-23,7078.96
2017-06-27,6955.11
2017-06-28,6967.14
2017-06-29,7036.59
2017-06-30,7062.09
2017-07-03,7147.18
2017-07-04,7141.83
2017-07-05,7222.47
2017-07-06,7251.13
2017-07-07,7273.79
2017-07-10,7302.55
2017-07-11,7245.94
2017-07-12,7306.75
2017-07-13,7336.89
2017-07-14,7306.29
2017-07-17,7313.23
2017-07-18,7262.28
2017-07-19,7340.93
2017-07-20,7350.39
2017-07-21,7370.97
2017-07-24,7383.43
2017-07-25,7386.91
2017-07-26,7413.94
2017-07-27,7358.5
2017-07-28,7382.85
2017-07-31,7381.43
2017-08-01,7374.32
2017-08-02,7359.19
2017-08-03,7280.4
2017-08-04,7280.33
2017-08-07,7355.7
2017-08-08,7236.5
2017-08-09,7116.1
2017-08-10,6844.12
2017-08-11,6840.17
2017-08-14,7009.38
2017-08-16,7103.59
2017-08-17,7147.67
2017-08-18,7104.16
2017-08-21,7015.0
2017-08-22,6968.7
2017-08-23,7062.18
2017-08-24,7102.19
2017-08-28,7197.19
2017-08-29,7106.95
2017-08-30,7210.99
2017-08-31,7267.72
2017-09-01,7336.5
2017-09-04,7276.5
2017-09-05,7351.16
2017-09-06,7383.42
2017-09-07,7431.45
2017-09-08,7417.93
2017-09-11,7447.06
2017-09-12,7514.66
2017-09-13,7470.0
2017-09-14,7500.37
2017-09-15,7507.61
2017-09-18,7574.73
2017-09-19,7614.34
2017-09-20,7602.6
2017-09-21,7550.08
2017-09-22,7318.65
2017-09-25,7164.91
2017-09-26,7224.77
2017-09-27,7078.02
2017-09-28,7129.63
2017-09-29,7233.46
2017-10-03,7261.85
2017-10-04,7317.77
2017-10-05,7377.24
2017-10-06,7465.76
2017-10-09,7508.68
2017-10-10,7568.19
2017-10-11,7485.8
2017-10-12,7568.43
2017-10-13,7598.16
2017-10-16,7602.39
2017-10-17,7660.52
2017-10-18,7660.88
2017-10-19,7668.0
2017-10-23,7692.39
2017-10-24,7745.66
2017-10-25,7761.42
2017-10-26,7803.29
2017-10-27,7826.58
2017-10-30,7914.72
2017-10-31,7950.92
2017-11-01,7994.41
2017-11-02,8022.99
2017-11-03,8072.17
2017-11-06,8106.63
2017-11-07,7996.39
2017-11-08,7926.07
2017-11-09,7968.25
2017-11-10,7972.12
2017-11-13,7915.55
2017-11-14,7899.76
2017-11-15,7772.55
2017-11-16,7854.76
2017-11-17,7919.06
2017-11-20,7989.69
2017-11-21,8019.23
2017-11-22,8039.75
2017-11-23,8087.6
2017-11-24,8111.71
2017-11-27,8174.43
2017-11-28,8195.87
2017-11-29,8188.69
2017-11-30,8207.2
2017-12-01,8091.31
2017-12-04,8030.36
2017-12-05,8018.24
2017-12-06,7978.45
2017-12-07,8085.65
2017-12-08,8166.76
2017-12-11,8167.89
2017-12-12,8094.01
2017-12-13,8027.73
2017-12-14,8006.52
2017-12-15,8115.56
2017-12-18,8139.43
2017-12-19,8286.76
2017-12-20,8354.88
2017-12-21,8444.46
2017-12-22,8495.4
2017-12-26,8557.86
2017-12-27,8513.21
2017-12-28,8541.58
2017-12-29,8590.42
2018-01-01,8636.33
2018-01-02,8575.32
2018-01-03,8649.33
2018-01-04,8748.44
2018-01-05,8829.48
2018-01-08,8910.17
2018-01-09,8917.73
2018-01-10,8923.24
2018-01-11,8970.55
2018-01-12,8966.55
2018-01-15,8986.98
2018-01-16,8770.83
2018-01-17,8816.1
2018-01-18,8626.65
2018-01-19,8709.3
2018-01-22,8767.32
2018-01-23,8804.23
2018-01-24,8727.39
2018-01-25,8654.19
2018-01-29,8536.57
2018-01-30,8415.28
2018-01-31,8339.22
2018-02-01,8341.89
2018-02-02,7922.77
2018-02-05,7922.29
2018-02-06,7747.07
2018-02-07,7896.45
2018-02-08,8081.83
2018-02-09,8111.02
2018-02-12,8246.27
2018-02-14,8241.86
2018-02-15,8140.48
2018-02-16,8032.08
2018-02-19,7947.46
2018-02-20,7939.51
2018-02-21,7920.6
2018-02-22,7879.8
2018-02-23,8009.99
2018-02-26,8095.69
2018-02-27,8048.0
2018-02-28,8045.5
2018-03-01,8014.21
2018-03-05,7925.3
2018-03-06,7814.89
2018-03-07,7636.75
2018-03-08,7675.65
2018-03-09,7646.87
2018-03-12,7680.33
2018-03-13,7777.33
2018-03-14,7772.78
2018-03-15,7849.53
2018-03-16,7748.99
2018-03-19,7580.66
2018-03-20,7579.97
2018-03-21,7610.03
2018-03-22,7514.44
2018-03-23,7392.17
2018-03-26,7442.21
2018-03-27,7548.73
2018-03-28,7451.77
2018-04-02,7598.12
2018-04-03,7697.58
2018-04-04,7621.45
2018-04-05,7770.78
2018-04-06,7818.68
2018-04-09,7833.64
2018-04-10,7832.39
2018-04-11,7833.23
2018-04-12,7811.29
2018-04-13,7829.24
2018-04-16,7857.21
2018-04-17,7873.22
2018-04-18,7846.51
2018-04-19,7914.41
2018-04-20,7920.59
2018-04-23,7946.01
2018-04-24,7929.18
2018-04-25,7839.64
2018-04-26,7852.41
2018-04-27,7886.48
2018-04-30,7967.46
2018-05-02,7881.01
2018-05-03,7807.16
2018-05-04,7787.57
2018-05-07,7834.31
2018-05-08,7869.62
2018-05-09,7851.91
2018-05-10,7728.85
2018-05-11,7708.44
2018-05-14,7622.57
2018-05-15,7553.18
2018-05-16,7561.35
2018-05-17,7617.64
2018-05-18,7470.22
2018-05-21,7288.64
2018-05-22,7372.6
2018-05-23,7352.14
2018-05-24,7354.28
2018-05-25,7451.54
2018-05-28,7563.09
2018-05-29,7549.0
2018-05-30,7533.02
2018-05-31,7476.6
2018-06-01,7359.49
2018-06-04,7177.99
2018-06-05,6984.45
2018-06-06,7094.54
2018-06-07,7246.27
2018-06-08,7300.76
2018-06-11,7330.53
2018-06-12,7376.64
2018-06-13,7359.53
2018-06-14,7349.11
2018-06-15,7303.59
2018-06-18,7248.36
2018-06-19,7150.86
2018-06-20,7164.26
2018-06-21,7102.34
2018-06-22,7102.72
2018-06-25,7046.47
2018-06-26,6989.15
2018-06-27,6848.03
2018-06-28,6739.95
2018-06-29,6880.9
2018-07-02,6818.22
2018-07-03,6850.44
2018-07-04,6881.38
2018-07-05,6843.62
2018-07-06,6879.96
2018-07-09,6990.83
2018-07-10,7065.46
2018-07-11,7038.97
2018-07-12,7041.04
2018-07-13,6914.4
2018-07-16,6731.85
2018-07-17,6806.66
2018-07-18,6740.45
2018-07-19,6683.16
2018-07-20,6708.54
2018-07-23,6764.27
2018-07-24,6918.49
2018-07-25,6943.45
2018-07-26,6973.85
2018-07-27,7044.97
2018-07-30,7077.36
2018-07-31,7088.78
2018-08-01,7097.06
2018-08-02,7094.55
2018-08-03,7196.0
2018-08-06,7222.19
2018-08-07,7188.4
2018-08-08,7209.23
2018-08-09,7245.49
2018-08-10,7171.05
2018-08-13,7104.74
2018-08-14,7127.4
2018-08-16,7104.33
2018-08-17,7172.86
2018-08-20,7189.19
2018-08-21,7221.47
2018-08-23,7209.62
2018-08-24,7193.42
2018-08-27,7240.14
2018-08-28,7255.21
2018-08-29,7274.36
2018-08-30,7319.51
2018-08-31,7361.15
2018-09-03,7351.77
2018-09-04,7199.19
2018-09-05,7180.35
2018-09-06,7221.29
2018-09-07,7253.74
2018-09-10,7170.9
2018-09-11,7074.33
2018-09-12,7056.71
2018-09-14,7150.5
2018-09-17,7160.58
2018-09-18,7042.85
2018-09-19,6985.38
2018-09-21,6763.82
2018-09-24,6594.11
2018-09-25,6537.35
2018-09-26,6533.32
2018-09-27,6393.82
2018-09-28,6141.71
2018-10-01,6146.57
2018-10-03,6176.15
2018-10-04,6045.1
2018-10-05,5917.05
2018-10-08,5807.85
2018-10-09,5779.48
2018-10-10,5990.93
2018-10-11,5885.92
2018-10-12,6034.9
2018-10-15,6109.67
2018-10-16,6203.89
2018-10-17,6057.69
2018-10-19,5991.72
2018-10-22,5888.24
2018-10-23,5810.79
2018-10-24,5852.83
2018-10-25,5797.19
2018-10-26,5784.29
2018-10-29,5912.44
2018-10-30,5981.34
2018-10-31,6054.98
2018-11-01,6129.34
2018-11-02,6197.38
2018-11-05,6172.24
2018-11-06,6168.1
2018-11-07,6237.21
2018-11-09,6279.73
2018-11-12,6225.43
2018-11-13,6234.79
2018-11-14,6225.84
2018-11-15,6227.05
2018-11-16,6209.55
2018-11-19,6233.49
2018-11-20,6159.35
2018-11-21,6168.77
2018-11-22,6145.72
2018-11-26,6125.77
2018-11-27,6150.57
2018-11-28,6115.26
2018-11-29,6119.85
2018-11-30,6140.58
2018-12-03,6177.07
2018-12-04,6187.85
2018-12-05,6104.45
2018-12-06,6025.39
2018-12-07,6027.61
2018-12-10,5916.88
2018-12-11,5996.74
2018-12-12,6156.52
2018-12-13,6202.86
2018-12-14,6211.56
2018-12-17,6234.1
2018-12-18,6272.96
2018-12-19,6344.36
2018-12-20,6354.47
2018-12-21,6293.1
2018-12-24,6233.74
2018-12-26,6226.32
2018-12-27,6237.9
2018-12-28,6294.59
2018-12-31,6344.35
2019-01-01,6366.85
2019-01-02,6320.03
2019-01-03,6283.76
2019-01-04,6293.48
2019-01-07,6298.13
2019-01-08,6306.98
2019-01-09,6298.96
2019-01-10,6315.45
2019-01-11,6302.13
2019-01-14,6274.07
2019-01-15,6331.36
2019-01-16,6344.43
2019-01-17,6323.66
2019-01-18,6266.4
2019-01-21,6218.17
2019-01-22,6180.46
2019-01-23,6171.57
2019-01-24,6148.16
2019-01-25,6060.88
2019-01-28,5949.98
2019-01-29,5958.18
2019-01-30,5984.91
2019-01-31,6018.19
2019-02-01,6022.04
2019-02-04,5934.72
2019-02-05,5880.95
2019-02-06,5895.91
2019-02-07,5934.79
2019-02-08,5868.23
2019-02-11,5775.21
2019-02-12,5758.67
2019-02-13,5728.64
2019-02-14,5726.9
2019-02-15,5680.46
2019-02-18,5631.32
2019-02-19,5651.41
2019-02-20,5707.14
2019-02-21,5768.22
2019-02-22,5814.04
2019-02-25,5859.71
2019-02-26,5825.38
2019-02-27,5836.57
2019-02-28,5886.52
2019-03-01,6024.59
2019-03-05,6245.98
2019-03-06,6311.6
2019-03-07,6307.04
2019-03-08,6301.85
2019-03-11,6420.39
2019-03-12,6489.52
2019-03-13,6466.01
2019-03-14,6463.14
2019-03-15,6429.63
2019-03-18,6418.95
2019-03-19,6447.31
2019-03-20,6425.9
2019-03-22,6392.0
2019-03-25,6319.55
2019-03-26,6371.65
2019-03-27,6436.01
2019-03-28,6485.41
2019-03-29,6524.62
2019-04-01,6586.72
2019-04-02,6581.16
2019-04-03,6518.32
2019-04-04,6488.07
2019-04-05,6546.75
2019-04-08,6526.32
2019-04-09,6518.94
2019-04-10,6529.63
2019-04-11,6535.03
2019-04-12,6574.65
2019-04-15,6611.21
2019-04-16,6631.35
2019-04-18,6552.68
2019-04-22,6454.66
2019-04-23,6435.39
2019-04-24,6474.24
2019-04-25,6473.77
2019-04-26,6466.15
2019-04-30,6392.56
2019-05-02,6383.18
2019-05-03,6372.59
2019-05-06,6322.21
2019-05-07,6272.56
2019-05-08,6188.77
2019-05-09,6169.91
2019-05-10,6188.36
2019-05-13,6048.31
2019-05-14,6079.9
2019-05-15,6040.89
2019-05-16,6050.29
2019-05-17,6069.74
2019-05-20,6315.92
2019-05-21,6276.83
2019-05-22,6302.88
2019-05-23,6293.97
2019-05-24,6449.85
2019-05-27,6559.1
2019-05-28,6576.1
2019-05-29,6534.43
2019-05-30,6544.2
2019-05-31,6497.86
2019-06-03,6501.84
2019-06-04,6497.88
2019-06-06,6393.19
2019-06-07,6386.61
2019-06-10,6344.3
2019-06-11,6355.16
2019-06-12,6330.55
2019-06-13,6296.74
2019-06-14,6257.62
2019-06-17,6167.38
2019-06-18,6137.22
2019-06-19,6053.65
2019-06-20,6115.42
2019-06-21,6114.16
2019-06-24,6099.74
2019-06-25,6125.34
2019-06-26,6156.56
2019-06-27,6175.18
2019-06-28,6171.78
2019-07-01,6201.68
2019-07-02,6193.25
2019-07-03,6210.33
2019-07-04,6229.92
2019-07-05,6150.1
2019-07-08,6017.57
2019-07-09,6025.01
2019-07-10,5982.95
2019-07-11,6005.25
2019-07-12,6029.04
2019-07-15,5982.36
2019-07-16,5982.76
2019-07-17,5983.28
2019-07-18,5921.97
2019-07-19,5822.36
2019-07-22,5741.58
2019-07-23,5772.53
2019-07-24,5701.55
2019-07-25,5687.25
2019-07-26,5690.02
2019-07-29,5633.47
2019-07-30,5502.28
2019-07-31,5520.4
2019-08-01,5452.28
2019-08-02,5420.28
2019-08-05,5311.3
2019-08-06,5400.15
2019-08-07,5391.52
2019-08-08,5435.17
2019-08-09,5483.15
2019-08-13,5404.13
2019-08-14,5423.05
2019-08-16,5431.44
2019-08-19,5461.2
2019-08-20,5421.86
2019-08-21,5324.35
2019-08-22,5211.09
2019-08-23,5244.08
2019-08-26,5352.57
2019-08-27,5433.22
2019-08-28,5404.67
2019-08-29,5359.64
2019-08-30,5408.08
2019-09-03,5332.3
2019-09-04,5344.83
2019-09-05,5381.13
2019-09-06,5441.02
2019-09-09,5481.36
2019-09-11,5567.84
2019-09-12,5581.71
2019-09-13,5615.46
2019-09-16,5637.48
2019-09-17,5525.29
2019-09-18,5533.8
2019-09-19,5457.66
2019-09-20,5647.23
2019-09-23,5829.78
2019-09-24,5831.18
2019-09-25,5736.8
2019-09-26,5765.43
2019-09-27,5722.21
2019-09-30,5657.62
2019-10-01,5561.69
2019-10-03,5536.04
2019-10-04,5486.5
2019-10-07,5429.01
2019-10-09,5462.25
2019-10-10,5434.08
2019-10-11,5451.33
2019-10-14,5452.22
2019-10-15,5448.85
2019-10-16,5459.77
2019-10-17,5512.86
2019-10-18,5616.25
2019-10-22,5663.05
2019-10-23,5669.71
2019-10-24,5642.32
2019-10-25,5619.43
2019-10-27,5682.77
2019-10-29,5717.85
2019-10-30,5754.93
2019-10-31,5794.78
2019-11-01,5828.45
2019-11-04,5855.02
2019-11-05,5801.1
2019-11-06,5775.11
2019-11-07,5805.61
2019-11-08,5778.77
2019-11-11,5783.75
2019-11-13,5736.93
2019-11-14,5736.72
2019-11-15,5729.69
2019-11-18,5740.14
2019-11-19,5756.17
2019-11-20,5759.81
2019-11-21,5744.68
2019-11-22,5745.62
2019-11-25,5795.69
2019-11-26,5770.28
2019-11-27,5774.06
2019-11-28,5809.76
2019-11-29,5850.95
2019-12-02,5808.34
2019-12-03,5762.69
2019-12-04,5783.58
2019-12-05,5791.44
2019-12-06,5731.64
2019-12-09,5692.18
2019-12-10,5639.55
2019-12-11,5623.72
2019-12-12,5654.35
2019-12-13,5701.66
2019-12-16,5697.94
2019-12-17,5737.53
2019-12-18,5738.97
2019-12-19,5738.72
2019-12-20,5742.69
2019-12-23,5743.11
2019-12-24,5745.46
2019-12-26,5760.93
2019-12-27,5808.3
2019-12-30,5855.55
2019-12-31,5883.53
2020-01-01,5926.31
2020-01-02,6021.79
2020-01-03,6035.78
2020-01-06,5920.47
2020-01-07,5991.3
2020-01-08,5990.45
2020-01-09,6101.91
2020-01-10,6142.98
2020-01-13,6201.71
2020-01-14,6235.52
2020-01-15,6294.04
2020-01-16,6340.14
2020-01-17,6364.15
2020-01-20,6330.89
2020-01-21,6330.87
2020-01-22,6321.92
2020-01-23,6362.53
2020-01-24,6396.11
2020-01-27,6391.37
2020-01-28,6376.69
2020-01-29,6379.82
2020-01-30,6304.02
2020-01-31,6300.19
2020-02-01,6141.7
2020-02-03,6137.24
2020-02-04,6248.58
2020-02-05,6297.62
2020-02-06,6349.05
2020-02-07,6373.36
2020-02-10,6331.31
2020-02-11,6336.1
2020-02-12,6322.89
2020-02-13,6316.08
2020-02-14,6300.03
2020-02-17,6230.67
2020-02-18,6199.76
2020-02-19,6283.88
2020-02-20,6309.1
2020-02-24,6203.65
2020-02-25,6186.77
2020-02-26,6150.39
2020-02-27,6090.54
2020-02-28,5858.34
2020-03-02,5790.35
2020-03-03,5859.4
2020-03-04,5768.55
2020-03-05,5795.22
2020-03-06,5663.56
2020-03-09,5400.6
2020-03-11,5386.57
2020-03-12,4911.61
2020-03-13,4945.46
2020-03-16,4677.61
2020-03-17,4570.1
2020-03-18,4293.66
2020-03-19,4073.1
2020-03-20,4164.75
2020-03-23,3649.74
2020-03-24,3614.88
2020-03-25,3705.15
2020-03-26,3834.21
2020-03-27,3867.88
2020-03-30,3778.05
2020-03-31,3900.5
2020-04-01,3862.36
2020-04-03,3819.82
2020-04-07,3952.76
2020-04-08,4019.9
2020-04-09,4157.69
2020-04-13,4140.27
2020-04-15,4184.4
2020-04-16,4269.24
2020-04-17,4397.65
2020-04-20,4426.59
2020-04-21,4272.26
2020-04-22,4292.79
2020-04-23,4350.35
2020-04-24,4269.44
2020-04-27,4304.36
2020-04-28,4335.7
2020-04-29,4374.51
2020-04-30,4405.21
2020-05-04,4266.6
2020-05-05,4214.26
2020-05-06,4230.83
2020-05-07,4239.23
2020-05-08,4207.42
2020-05-11,4191.47
2020-05-12,4157.7
2020-05-13,4252.96
2020-05-14,4214.27
2020-05-15,4217.21
2020-05-18,4084.83
2020-05-19,4084.83
2020-05-20,4135.39
2020-05-21,4162.62
2020-05-22,4145.22
2020-05-26,4170.39
2020-05-27,4192.35
2020-05-28,4262.61
2020-05-29,4311.8
2020-06-01,4449.73
2020-06-02,4548.65
2020-06-03,4607.53
2020-06-04,4607.46
2020-06-05,4736.99
2020-06-08,4790.08
2020-06-09,4738.79
2020-06-10,4777.84
2020-06-11,4724.18
2020-06-12,4717.4
2020-06-15,4733.65
2020-06-16,4730.06
2020-06-17,4758.59
2020-06-18,4825.74
2020-06-19,4907.23
2020-06-22,5003.02
2020-06-23,5080.57
2020-06-24,5009.0
2020-06-25,5027.57
2020-06-26,5055.53
2020-06-29,4993.84
2020-06-30,4956.55
2020-07-01,4991.35
2020-07-02,5034.44
2020-07-03,5048.24
2020-07-06,5127.85
2020-07-07,5163.26
2020-07-08,5149.2
2020-07-09,5192.07
2020-07-10,5175.08
2020-07-13,5175.57
2020-07-14,5108.03
2020-07-15,5104.7
2020-07-16,5101.71
2020-07-17,5168.93
2020-07-20,5217.96
2020-07-21,5237.01
2020-07-22,5228.68
2020-07-23,5267.5
2020-07-24,5252.62
2020-07-27,5207.4
2020-07-28,5260.6
2020-07-29,5265.69
2020-07-30,5230.46
2020-07-31,5270.39
2020-08-03,5328.32
2020-08-04,5408.04
2020-08-05,5460.02
2020-08-06,5496.67
2020-08-07,5542.19
2020-08-10,5629.45
2020-08-11,5647.05
2020-08-12,5666.37
2020-08-13,5718.57
2020-08-14,5674.53
2020-08-17,5732.01
2020-08-18,5807.21
2020-08-19,5884.04
2020-08-20,5913.61
2020-08-21,6002.95
2020-08-24,6094.1
2020-08-25,6116.97
2020-08-26,6178.11
2020-08-27,6194.51
2020-08-28,6181.46
2020-08-31,5903.63
2020-09-01,5915.51
2020-09-02,6007.43
2020-09-03,6044.79
2020-09-04,5980.13
2020-09-07,5987.64
2020-09-08,5931.88
2020-09-09,5848.63
2020-09-10,5928.92
2020-09-11,5940.88
2020-09-14,6243.16
2020-09-15,6324.05
2020-09-16,6347.61
2020-09-17,6312.63
2020-09-18,6298.54
2020-09-21,6061.05
2020-09-22,5949.57
2020-09-23,5949.96
2020-09-24,5810.62
2020-09-25,5960.08
2020-09-28,6135.01
2020-09-29,6120.12
2020-09-30,6115.18
2020-10-01,6162.66
2020-10-05,6194.1
2020-10-06,6227.22
2020-10-07,6197.96
2020-10-08,6179.61
2020-10-09,6160.08
2020-10-12,6118.15
2020-10-13,6110.15
2020-10-14,6114.77
2020-10-15,6019.16
2020-10-16,6099.48
2020-10-19,6134.29
2020-10-20,6150.05
2020-10-21,6149.96
2020-10-22,6197.61
2020-10-23,6241.41
2020-10-26,6174.16
2020-10-27,6186.24
2020-10-28,6135.5
2020-10-29,6084.53
2020-10-30,6086.06
2020-11-02,6007.88
2020-11-03,6023.1
2020-11-04,6024.4
2020-11-05,6123.11
2020-11-06,6153.32
2020-11-09,6178.64
2020-11-10,6168.12
2020-11-11,6202.24
2020-11-12,6275.51
2020-11-13,6334.62
2020-11-14,6392.78
2020-11-17,6424.9
2020-11-18,6465.88
2020-11-19,6466.34
2020-11-20,6535.56
2020-11-23,6644.57
2020-11-24,6704.75
2020-11-25,6641.48
2020-11-26,6692.85
2020-11-27,6862.18
2020-12-01,6941.98
2020-12-02,6962.55
2020-12-03,7023.48
2020-12-04,7058.78
2020-12-07,7155.68
2020-12-08,7136.8
2020-12-09,7191.08
2020-12-10,7145.29
2020-12-11,7181.67
2020-12-14,7239.68
2020-12-15,7254.95
2020-12-16,7324.39
2020-12-17,7322.18
2020-12-18,7295.12
2020-12-21,6937.09
2020-12-22,7002.78
2020-12-23,7202.23
2020-12-24,7257.0
2020-12-28,7380.07
2020-12-29,7380.1
2020-12-30,7423.66
2020-12-31,7440.28
2021-01-01,7525.92
2021-01-04,7624.31
2021-01-05,7670.83
2021-01-06,7651.47
2021-01-07,7738.14
2021-01-08,7793.25
2021-01-11,7787.2
2021-01-12,7809.58
2021-01-13,7789.25
2021-01-14,7823.52
2021-01-15,7740.44
2021-01-18,7597.54
2021-01-19,7724.75
2021-01-20,7756.36
2021-01-21,7723.17
2021-01-22,7669.56
2021-01-25,7592.39
2021-01-27,7576.21
2021-01-28,7545.36
2021-01-29,7520.47
2021-02-01,7671.61
2021-02-02,7767.82
2021-02-03,7877.83
2021-02-04,7986.75
2021-02-05,8005.87
2021-02-08,8127.95
2021-02-09,8093.46
2021-02-10,8126.77
2021-02-11,8242.12
2021-02-12,8230.57
2021-02-15,8254.08
2021-02-16,8273.1
2021-02-17,8308.12
2021-02-18,8380.21
2021-02-19,8310.76
2021-02-22,8229.67
2021-02-23,8303.04
2021-02-24,8409.35
2021-02-25,8546.16
2021-02-26,8454.68
2021-03-01,8607.66
2021-03-02,8712.39
2021-03-03,8793.71
2021-03-04,8879.35
2021-03-05,8744.41
2021-03-08,8798.53
2021-03-09,8724.25
2021-03-10,8816.94
2021-03-12,8847.46
2021-03-15,8782.3
2021-03-16,8805.54
2021-03-17,8609.24
2021-03-18,8487.68
2021-03-19,8525.09
2021-03-22,8546.81
2021-03-23,8605.9
2021-03-24,8442.38
2021-03-25,8281.07
2021-03-26,8377.56
2021-03-30,8484.92
2021-03-31,8529.76
2021-04-01,8697.4
2021-04-05,8559.56
2021-04-06,8651.91
2021-04-07,8772.24
2021-04-08,8865.73
2021-04-09,8913.35
2021-04-12,8432.69
2021-04-13,8574.17
2021-04-15,8547.05
2021-04-16,8619.95
2021-04-19,8447.12
2021-04-20,8511.24
2021-04-22,8573.9
2021-04-23,8609.1
2021-04-26,8703.01
2021-04-27,8851.57
2021-04-28,8921.87
2021-04-29,8949.4
2021-04-30,8922.5
2021-05-03,9037.47
2021-05-04,8979.59
2021-05-05,9038.56
2021-05-06,9107.61
2021-05-07,9171.65
2021-05-10,9311.32
2021-05-11,9388.49
2021-05-12,9323.53
2021-05-14,9232.36
2021-05-17,9351.65
2021-05-18,9468.79
2021-05-19,9523.47
2021-05-20,9541.94
2021-05-21,9614.14
2021-05-24,9688.29
2021-05-25,9703.87
2021-05-26,9768.83
2021-05-27,9834.16
2021-05-28,9784.17
2021-05-31,9824.52
2021-06-01,9758.89
2021-06-02,9878.31
2021-06-03,9991.13
2021-06-04,10042.92
2021-06-07,10189.9
2021-06-08,10241.89
2021-06-09,10115.99
2021-06-10,10279.31
2021-06-11,10316.45
2021-06-14,10267.27
2021-06-15,10318.38
2021-06-16,10255.52
2021-06-17,10192.26
2021-06-18,10119.02
2021-06-21,10197.73
2021-06-22,10288.62
2021-06-23,10253.05
2021-06-24,10231.61
2021-06-25,10269.25
2021-06-28,10322.58
2021-06-29,10312.48
2021-06-30,10379.14
2021-07-01,10440.38
2021-07-02,10536.95
2021-07-05,10655.5
2021-07-06,10599.57
2021-07-07,10669.93
2021-07-08,10666.35
2021-07-09,10724.84
2021-07-12,10840.96
2021-07-13,10932.69
2021-07-14,10951.94
2021-07-15,11028.81
2021-07-16,11125.6
2021-07-19,11125.04
2021-07-20,10944.0
2021-07-22,11119.23
2021-07-23,11095.38
2021-07-26,11136.21
2021-07-27,11128.38
2021-07-28,11072.2
2021-07-29,11173.15
2021-07-30,11227.38
2021-08-02,11319.86
2021-08-03,11292.01
2021-08-04,11166.26
2021-08-05,11109.8
2021-08-06,11125.87
2021-08-09,11010.9
2021-08-10,10726.01
2021-08-11,10668.47
2021-08-12,10912.14
2021-08-13,10904.7
2021-08-16,10810.73
2021-08-17,10781.2
2021-08-18,10739.35
2021-08-20,10485.61
2021-08-23,10279.28
2021-08-24,10491.65
2021-08-25,10572.36
2021-08-26,10598.63
2021-08-27,10681.97
2021-08-30,10830.68
2021-08-31,10905.36
2021-09-01,10927.82
2021-09-02,11033.05
2021-09-03,11092.93
2021-09-06,11182.16
2021-09-07,11155.38
2021-09-08,11226.54
2021-09-09,11314.34
2021-09-13,11399.66
2021-09-14,11459.16
2021-09-15,11537.57
2021-09-16,11538.42
2021-09-17,11457.59
2021-09-20,11236.96
2021-09-21,11242.93
2021-09-22,11386.22
2021-09-23,11485.03
2021-09-24,11477.72
2021-09-27,11496.33
2021-09-28,11442.21
2021-09-29,11472.97
2021-09-30,11550.98
2021-10-01,11584.4
2021-10-04,11749.93
2021-10-05,11814.54
2021-10-06,11713.34
2021-10-07,11851.11
2021-10-08,11946.25
2021-10-11,12074.99
2021-10-12,12151.49
2021-10-13,12185.04
2021-10-14,12249.93
2021-10-18,12351.72
2021-10-19,12123.85
2021-10-20,11875.6
2021-10-21,11793.63
2021-10-22,11665.32
2021-10-25,11452.05
2021-10-26,11730.53
2021-10-27,11792.1
2021-10-28,11607.71
2021-10-29,11569.87
2021-11-01,11690.87
2021-11-02,11833.95
2021-11-03,11795.37
2021-11-04,11952.93
2021-11-08,12047.52
2021-11-09,12097.04
2021-11-10,12091.76
2021-11-11,12030.87
2021-11-12,12071.72
2021-11-15,12044.16
2021-11-16,12078.87
2021-11-17,12070.15
2021-11-18,11877.8
2021-11-22,11560.2
2021-11-23,11782.02
2021-11-24,11841.01
2021-11-25,11942.49
2021-11-26,11597.25
2021-11-29,11305.22
2021-11-30,11530.27
2021-12-01,11564.55
2021-12-02,11690.4
2021-12-03,11756.41
2021-12-06,11610.02
2021-12-07,11753.49
2021-12-08,11928.79
2021-12-09,12038.05
2021-12-10,12147.43
2021-12-13,12149.91
2021-12-14,12186.72
2021-12-15,12144.54
2021-12-16,12026.28
2021-12-17,11752.01
2021-12-20,11343.69
2021-12-21,11485.14
2021-12-22,11675.22
2021-12-23,11767.54
2021-12-24,11691.27
2021-12-27,11735.93
2021-12-28,11910.35
2021-12-29,11995.03
2021-12-30,12012.65
2021-12-31,12152.65
2022-01-03,12308.71
2022-01-04,12373.07
2022-01-05,12380.28
2022-01-06,12393.75
2022-01-07,12445.19
2022-01-10,12620.18
2022-01-11,12633.18
2022-01-12,12711.69
2022-01-13,12786.09
2022-01-14,12874.26
2022-01-17,12934.83
2022-01-18,12670.44
2022-01-19,12699.33
2022-01-20,12684.8
2022-01-21,12447.19
2022-01-24,11877.25
2022-01-25,12003.23
2022-01-27,11947.78
2022-01-28,12010.98
2022-01-31,12126.84
2022-02-01,12219.16
2022-02-02,12422.77
2022-02-03,12423.59
2022-02-04,12351.95
2022-02-07,12217.55
2022-02-08,12032.85
2022-02-09,12073.88
2022-02-10,12093.7
2022-02-11,11865.5
2022-02-14,11360.36
2022-02-15,11586.14
2022-02-16,11674.39
2022-02-17,11589.96
2022-02-18,11495.01
2022-02-21,11199.14
2022-02-22,10982.53
2022-02-23,11113.83
2022-02-24,10461.8
2022-02-25,10907.54
2022-02-28,10997.19
2022-03-02,11026.17
2022-03-03,11068.52
2022-03-04,10893.77
2022-03-07,10640.46
2022-03-08,10786.31
2022-03-09,11012.52
2022-03-10,11168.64
2022-03-11,11268.29
2022-03-14,11315.35
2022-03-15,11221.8
2022-03-16,11347.23
2022-03-17,11481.37
2022-03-21,11511.74
2022-03-22,11547.56
2022-03-23,11530.37
2022-03-24,11570.79
2022-03-25,11525.49
2022-03-28,11457.88
2022-03-29,11527.21
2022-03-30,11631.76
2022-03-31,11687.4
2022-04-01,11908.62
2022-04-04,12090.22
2022-04-05,12205.57
2022-04-06,12257.48
2022-04-07,12204.72
2022-04-08,12298.64
2022-04-11,12337.98
2022-04-12,12163.02
2022-04-13,12203.88
2022-04-18,12096.01
2022-04-19,11912.08
2022-04-20,11914.63
2022-04-21,12065.8
2022-04-22,12035.41
2022-04-25,11794.87
2022-04-26,11915.84
2022-04-27,11847.51
2022-04-28,11878.73
2022-04-29,11754.35
2022-05-02,11636.01
2022-05-04,11370.64
2022-05-05,11300.39
2022-05-06,11043.81
2022-05-09,10832.73
2022-05-10,10610.02
2022-05-11,10327.46
2022-05-12,10156.46
2022-05-13,10260.81
2022-05-16,10397.78
2022-05-17,10697.37
2022-05-18,10733.4
2022-05-19,10493.68
2022-05-20,10717.77
2022-05-23,10644.69
2022-05-24,10514.06
2022-05-25,10198.33
2022-05-26,10295.03
2022-05-27,10401.02
2022-05-30,10634.08
2022-05-31,10742.59
2022-06-01,10814.89
2022-06-02,10870.61
2022-06-03,10775.74
2022-06-06,10707.43
2022-06-07,10647.43
2022-06-08,10629.02
2022-06-09,10635.95
2022-06-10,10542.77
2022-06-13,10169.75
2022-06-14,10128.1
2022-06-15,10186.85
2022-06-16,9874.6
2022-06-17,9796.32
2022-06-20,9492.41
2022-06-21,9785.23
2022-06-22,9682.96
2022-06-23,9796.47
2022-06-24,9966.26
2022-06-27,10125.96
2022-06-28,10118.05
2022-06-29,10063.08
2022-06-30,10030.82
2022-07-01,10052.37
2022-07-04,10102.28
2022-07-05,10128.44
2022-07-06,10182.41
2022-07-07,10316.66
2022-07-08,10340.67
2022-07-11,10447.95
2022-07-12,10409.61
2022-07-13,10432.16
2022-07-14,10363.68
2022-07-15,10416.46
2022-07-18,10568.42
2022-07-19,10659.36
2022-07-20,10724.41
2022-07-21,10812.3
2022-07-22,10842.46
2022-07-25,10799.25
2022-07-26,10689.46
2022-07-27,10690.62
2022-07-28,10772.2
2022-07-29,10925.13
2022-08-01,11106.22
2022-08-02,11174.77
2022-08-03,11130.58
2022-08-04,11102.48
2022-08-05,11092.24
2022-08-08,11119.64
2022-08-10,11090.19
2022-08-11,11162.56
2022-08-12,11188.52
2022-08-16,11286.57
2022-08-17,11340.83
2022-08-18,11372.48
2022-08-19,11251.5
2022-08-22,11152.28
2022-08-23,11265.85
2022-08-24,11365.32
2022-08-25,11404.82
2022-08-26,11487.58
2022-08-29,11419.32
2022-08-30,11560.74
2022-09-01,11596.14
2022-09-02,11621.55
2022-09-05,11738.1
2022-09-06,11775.15
2022-09-07,11872.24
2022-09-08,11957.47
2022-09-09,11935.41
2022-09-12,12048.41
2022-09-13,12061.92
2022-09-14,12073.54
2022-09-15,12072.09
2022-09-16,11795.76
2022-09-19,11712.42
2022-09-20,11847.73
2022-09-21,11774.93
2022-09-22,11843.56
2022-09-23,11609.76
2022-09-26,11221.51
2022-09-27,11281.24
2022-09-28,11231.49
2022-09-29,11295.22
2022-09-30,11467.99
2022-10-03,11424.64
2022-10-04,11575.9
2022-10-06,11702.93
2022-10-07,11740.62
2022-10-10,11676.22
2022-10-11,11495.94
2022-10-12,11546.18
2022-10-13,11484.6
2022-10-14,11489.15
2022-10-17,11518.51
2022-10-18,11611.26
2022-10-19,11614.68
2022-10-20,11628.45
2022-10-21,11579.01
2022-10-24,11687.38
2022-10-25,11667.25
2022-10-27,11713.63
2022-10-28,11642.84
2022-10-31,11687.81
2022-11-01,11704.78
2022-11-02,11706.8
2022-11-03,11721.97
2022-11-04,11776.09
2022-11-07,11864.29
2022-11-09,11818.22
2022-11-10,11673.09
2022-11-11,11712.52
2022-11-14,11766.24
2022-11-15,11773.72
2022-11-16,11734.96
2022-11-17,11721.34
2022-11-18,11668.61
2022-11-21,11682.03
2022-11-22,11673.93
2022-11-23,11742.11
2022-11-24,11806.6
2022-11-25,11898.03
2022-11-28,12025.34
2022-11-29,11982.46
2022-11-30,12043.37
2022-12-01,12096.78
2022-12-02,12177.03
2022-12-05,12217.39
2022-12-06,12188.69
2022-12-07,12141.55
2022-12-08,12208.76
2022-12-09,12082.27
2022-12-12,12146.43
2022-12-13,12215.65
2022-12-14,12295.44
2022-12-15,12242.77
2022-12-16,12145.56
2022-12-19,12181.94
2022-12-20,12156.75
2022-12-21,11905.57
2022-12-22,11698.23
2022-12-23,11184.91
2022-12-26,11559.53
2022-12-27,11702.2
2022-12-28,11727.2
2022-12-29,11741.31
2022-12-30,11832.26
2023-01-02,11921.56
2023-01-03,11938.69
2023-01-04,11831.81
2023-01-05,11830.08
2023-01-06,11739.3
2023-01-09,11785.94
2023-01-10,11728.37
2023-01-11,11734.87
2023-01-12,11742.6
2023-01-13,11776.12
2023-01-16,11769.89
2023-01-17,11753.25
2023-01-18,11760.89
2023-01-19,11726.97
2023-01-20,11662.19
2023-01-23,11645.85
2023-01-24,11599.7
2023-01-25,11496.66
2023-01-27,11286.79
2023-01-30,11264.03
2023-01-31,11560.07
2023-02-01,11428.21
2023-02-02,11478.31
2023-02-03,11436.68
2023-02-06,11466.14
2023-02-07,11425.32
2023-02-08,11514.08
2023-02-09,11485.25
2023-02-10,11542.88
2023-02-13,11406.13
2023-02-14,11346.64
2023-02-15,11392.68
2023-02-16,11484.69
2023-02-17,11446.12
2023-02-20,11410.34
2023-02-21,11370.49
2023-02-22,11242.71
2023-02-23,11263.59
2023-02-24,11245.2
2023-02-27,11112.98
2023-02-28,11151.53
2023-03-01,11290.11
2023-03-02,11280.17
2023-03-03,11359.6
2023-03-06,11476.38
2023-03-08,11507.23
2023-03-09,11469.03
2023-03-10,11386.82
2023-03-13,11149.91
2023-03-14,11050.18
2023-03-15,11070.43
2023-03-16,10993.03
2023-03-17,11065.91
2023-03-20,10971.18
2023-03-21,11022.08
2023-03-22,11083.56
2023-03-23,11049.68
2023-03-24,10882.04
2023-03-27,10719.34
2023-03-28,10634.51
2023-03-29,10815.74
2023-03-31,10982.49
2023-04-03,11069.19
2023-04-05,11143.67
2023-04-06,11226.49
2023-04-10,11245.93
2023-04-11,11297.62
2023-04-12,11340.66
2023-04-13,11375.83
2023-04-17,11393.69
2023-04-18,11401.85
2023-04-19,11401.95
2023-04-20,11433.08
2023-04-21,11411.7
2023-04-24,11465.8
2023-04-25,11504.47
2023-04-26,11567.62
2023-04-27,11624.23
2023-04-28,11739.54
2023-05-02,11814.83
2023-05-03,11830.96
2023-05-04,11932.39
2023-05-05,11866.58
2023-05-08,11954.23
2023-05-09,11903.79
2023-05-10,11964.22
2023-05-11,12049.94
2023-05-12,12004.66
2023-05-15,12092.13
2023-05-16,12096.73
2023-05-17,12148.41
2023-05-18,12098.73
2023-05-19,12094.92
2023-05-22,12143.28
2023-05-23,12158.17
2023-05-24,12164.95
2023-05-25,12202.13
2023-05-26,12258.38
2023-05-29,12293.14
2023-05-30,12299.83
2023-05-31,12395.45
2023-06-01,12497.92
2023-06-02,12558.38
2023-06-05,12593.2
2023-06-06,12661.26
2023-06-07,12803.18
2023-06-08,12717.63
2023-06-09,12709.52
2023-06-12,12793.22
2023-06-13,12887.1
2023-06-14,12924.0
2023-06-15,12964.37
2023-06-16,13068.86
2023-06-19,13109.5
2023-06-20,13163.28
2023-06-21,13171.96
2023-06-22,13075.39
2023-06-23,12938.93
2023-06-26,13027.19
2023-06-27,13099.76
2023-06-28,13124.15
2023-06-30,13188.32
2023-07-03,13306.16
2023-07-04,13324.41
2023-07-05,13407.62
2023-07-06,13521.61
2023-07-07,13482.68
2023-07-10,13438.88
2023-07-11,13565.98
2023-07-12,13632.94
2023-07-13,13536.45
2023-07-14,13715.34
2023-07-17,13823.43
2023-07-18,13724.15
2023-07-19,13825.02
2023-07-20,13862.52
2023-07-21,13905.94
2023-07-24,13940.07
2023-07-25,13947.13
2023-07-26,13993.43
2023-07-27,14012.67
2023-07-28,14073.98
2023-07-31,14219.45
2023-08-01,14249.01
2023-08-02,14067.17
2023-08-03,14087.5
2023-08-04,14176.88
2023-08-07,14221.48
2023-08-08,14245.13
2023-08-09,14325.78
2023-08-10,14290.2
2023-08-11,14253.66
2023-08-14,14165.59
2023-08-16,14224.93
2023-08-17,14251.63
2023-08-18,14211.95
2023-08-21,14331.64
2023-08-22,14429.06
2023-08-23,14532.26
2023-08-24,14513.98
2023-08-25,14483.33
2023-08-28,14581.66
2023-08-29,14680.22
2023-08-30,14809.36
2023-08-31,14964.03
2023-09-01,15074.43
2023-09-04,15228.35
2023-09-05,15324.18
2023-09-06,15333.09
2023-09-07,15419.25
2023-09-08,15513.95
2023-09-11,15665.54
2023-09-12,15057.64
2023-09-13,15206.04
2023-09-14,15392.76
2023-09-15,15436.47
2023-09-18,15362.25
2023-09-20,15275.83
2023-09-21,15107.17
2023-09-22,15110.9
2023-09-25,15124.08
2023-09-26,15189.11
2023-09-27,15299.19
2023-09-28,15251.22
2023-09-29,15351.8
2023-10-03,15449.15
2023-10-04,15274.35
2023-10-05,15362.03
2023-10-06,15460.21
2023-10-09,15208.76
2023-10-10,15379.25
2023-10-11,15485.41
2023-10-12,15596.35
2023-10-13,15574.08
2023-10-16,15623.4
2023-10-17,15728.4
2023-10-18,15668.06
2023-10-19,15690.97
2023-10-20,15565.84
2023-10-23,14976.01
2023-10-25,14879.7
2023-10-26,14808.77
2023-10-27,15094.61
2023-10-30,15106.05
2023-10-31,15093.39
2023-11-01,15065.5
2023-11-02,15228.45
2023-11-03,15383.34
2023-11-06,15547.68
2023-11-07,15638.69
2023-11-08,15734.02
2023-11-09,15689.56
2023-11-10,15756.89
2023-11-12,15955.89
2023-11-13,15995.09
2023-11-15,16173.38
2023-11-16,16243.52
2023-11-17,16298.52
2023-11-20,16305.16
2023-11-21,16337.97
2023-11-22,16201.0
2023-11-23,16284.69
2023-11-24,16313.73
2023-11-28,16350.12
2023-11-29,16473.48
2023-11-30,16649.27
2023-12-01,16742.96
2023-12-04,16947.04
2023-12-05,16972.19
2023-12-06,17017.89
2023-12-07,17069.09
2023-12-08,16924.15
2023-12-11,17019.05
2023-12-12,16997.98
2023-12-13,17107.46
2023-12-14,17240.69
2023-12-15,17363.41
2023-12-18,17435.56
2023-12-19,17449.55
2023-12-20,16867.0
2023-12-21,17152.5
2023-12-22,17327.72
2023-12-26,17379.28
2023-12-27,17431.25
2023-12-28,17534.45
2023-12-29,17641.14
2024-01-01,17752.2
2024-01-02,17745.36
2024-01-03,17766.45
2024-01-04,17948.96
2024-01-05,18069.74
2024-01-08,17963.9
2024-01-09,18030.16
2024-01-10,18066.52
2024-01-11,18215.63
2024-01-12,18283.72
2024-01-15,18329.3
2024-01-16,18279.1
2024-01-17,18087.55
2024-01-18,18085.45
2024-01-19,18278.45
2024-01-20,18360.96
2024-01-23,17863.18
2024-01-24,18177.24
2024-01-25,18274.36
2024-01-29,18510.5
2024-01-30,18535.27
2024-01-31,18929.24
2024-02-01,18955.35
2024-02-02,19072.06
2024-02-05,19064.01
2024-02-06,19242.83
2024-02-07,19343.94
2024-02-08,19260.33
2024-02-09,19017.2
2024-02-12,18341.41
2024-02-13,18406.88
2024-02-14,18643.65
2024-02-15,18861.1
2024-02-16,18987.72
2024-02-19,19078.38
2024-02-20,19002.59
2024-02-21,18854.99
2024-02-22,18969.98
2024-02-23,19080.69
2024-02-26,19048.11
2024-02-27,19096.61
2024-02-28,18735.97
2024-02-29,18823.79
2024-03-01,18944.92
2024-03-02,19079.26
2024-03-04,18964.71
2024-03-05,18842.06
2024-03-06,18470.74
2024-03-07,18620.98
2024-03-11,18248.59
2024-03-12,17873.11
2024-03-13,16947.96
2024-03-14,17475.66
2024-03-15,17512.97
2024-03-18,17462.5
2024-03-19,17256.64
2024-03-20,17275.7
2024-03-21,17670.42
2024-03-22,17813.92
2024-03-26,17822.06
2024-03-27,17967.65
2024-03-28,18027.57
2024-04-01,18570.61
2024-04-02,18754.41
2024-04-03,18952.0
2024-04-04,19070.15
2024-04-05,19182.05
2024-04-08,19230.24
2024-04-09,19238.91
2024-04-10,19353.49
2024-04-12,19275.06
2024-04-15,18978.8
2024-04-16,19100.86
2024-04-18,19097.01
2024-04-19,19073.82
2024-04-22,19295.21
2024-04-23,19481.35
2024-04-24,19636.34
2024-04-25,19799.85
2024-04-26,19894.61
2024-04-29,19907.29
2024-04-30,19918.39
2024-05-02,19937.79
2024-05-03,19869.77
2024-05-06,19648.19
2024-05-07,19298.54
2024-05-08,19393.71
2024-05-09,18879.71
2024-05-10,19004.04
2024-05-13,18935.89
2024-05-14,19268.92
2024-05-15,19415.36
2024-05-16,19559.47
2024-05-17,19870.58
2024-05-18,20049.95
2024-05-21,19964.74
2024-05-22,19940.03
2024-05-23,19988.85
2024-05-24,19963.43
2024-05-27,20051.38
2024-05-28,19847.46
2024-05-29,19864.0
2024-05-30,19569.19
2024-05-31,19664.65
2024-06-03,20070.23
2024-06-04,18575.64
2024-06-05,19191.54
2024-06-06,19815.64
2024-06-07,20262.3
2024-06-10,20529.75
2024-06-11,20657.62
2024-06-12,20851.5
2024-06-13,21021.5
2024-06-14,21203.05
2024-06-18,21407.8
2024-06-19,21326.3
2024-06-20,21466.27
2024-06-21,21459.1
2024-06-24,21461.06
2024-06-25,21476.2
2024-06-26,21521.88
2024-06-27,21400.88
2024-06-28,21545.32
2024-07-01,21868.42
2024-07-02,21832.82
2024-07-03,22029.01
2024-07-04,22151.59
2024-07-05,22303.63
2024-07-08,22245.93
2024-07-09,22298.84
2024-07-10,22147.62
2024-07-11,22282.09
2024-07-12,22267.11
2024-07-15,22348.41
2024-07-16,22392.36
2024-07-18,22146.46
2024-07-19,21627.58
2024-07-22,21822.33
2024-07-23,21690.59
2024-07-24,22095.1
2024-07-25,22034.07
2024-07-26,22243.81
2024-07-29,22482.62
2024-07-30,22668.48
2024-07-31,22624.73
2024-08-01,22472.05
2024-08-02,22287.45
2024-08-05,21355.37
2024-08-06,21272.65
2024-08-07,21784.24
2024-08-08,21723.0
2024-08-09,21867.51
2024-08-12,21939.08
2024-08-13,21669.36
2024-08-14,21550.87
2024-08-16,21918.7
2024-08-19,22254.24
2024-08-20,22376.64
2024-08-21,22623.4
2024-08-22,22695.3
2024-08-23,22725.25
2024-08-26,22820.05
2024-08-27,22994.76
2024-08-28,22945.49
2024-08-29,22815.26
2024-08-30,22934.49
2024-09-02,22918.64
2024-09-03,23053.88
2024-09-04,23124.96
2024-09-05,23346.43
2024-09-06,23113.65
2024-09-09,22922.98
2024-09-10,23209.78
2024-09-11,23028.62
2024-09-12,23209.03
2024-09-13,23415.65
2024-09-16,23453.23
2024-09-17,23411.6
2024-09-18,23332.66
2024-09-19,23074.31
2024-09-20,23323.86
2024-09-23,23524.82
2024-09-24,23474.51
2024-09-25,23392.12
2024-09-26,23287.12
2024-09-27,23242.76
2024-09-30,23256.45
2024-10-01,23409.41
2024-10-03,22964.06
2024-10-04,22765.03
2024-10-07,22124.55
2024-10-08,22589.83
2024-10-09,22869.11
2024-10-10,22898.67
2024-10-11,23006.92
2024-10-14,23072.73
2024-10-15,23328.56
2024-10-16,23376.96
2024-10-17,23046.43
2024-10-18,23037.1
2024-10-21,22657.48
2024-10-22,21823.05
2024-10-23,22051.01
2024-10-24,21919.67
2024-10-25,21419.26
2024-10-28,21666.28
2024-10-29,21826.31
2024-10-30,22085.49
2024-10-31,22424.5
2024-11-01,22661.58
2024-11-04,22245.98
2024-11-05,22353.8
2024-11-06,22775.3
2024-11-07,22634.01
2024-11-08,22282.26
2024-11-11,22016.49
2024-11-12,21729.02
2024-11-13,21064.28
2024-11-14,21231.61
2024-11-18,21095.49
2024-11-19,21289.19
2024-11-21,21166.06
2024-11-22,21373.93
2024-11-25,21825.83
2024-11-26,21960.17
2024-11-27,22184.43
2024-11-28,22216.29
2024-11-29,22396.2
2024-12-02,22552.51
2024-12-03,22764.13
2024-12-04,22936.66
2024-12-05,23046.47
2024-12-06,23171.08
2024-12-09,23256.39
2024-12-10,23324.82
2024-12-11,23390.65
2024-12-12,23172.77
2024-12-13,23088.61
2024-12-16,23190.08
2024-12-17,23061.18
2024-12-18,22905.13
2024-12-19,22827.49
2024-12-20,22367.9
2024-12-23,22272.43
2024-12-24,22341.14
2024-12-26,22334.78
2024-12-27,22395.19
2024-12-30,22297.75
2024-12-31,22442.03
2025-01-01,22639.89
2025-01-02,22765.23
2025-01-03,22721.16
2025-01-06,22067.12
2025-01-07,22379.17
2025-01-08,22069.9
2025-01-09,21812.55
2025-01-10,21280.42
2025-01-13,20429.01
2025-01-14,20761.31
2025-01-15,20870.2
2025-01-16,21122.85
2025-01-17,21113.52
2025-01-20,21291.62
2025-01-21,20840.68
2025-01-22,20507.82
2025-01-23,20674.68
2025-01-24,20230.87
2025-01-27,19491.3
2025-01-28,19136.03
2025-01-29,19740.69
2025-01-30,19706.05
2025-01-31,20043.67
2025-02-01,20175.68
2025-02-03,19826.34
2025-02-04,20051.83
2025-02-05,20366.25
2025-02-06,20359.23
2025-02-07,20282.19
2025-02-10,19850.43
2025-02-11,19171.65
2025-02-12,19037.15
2025-02-13,18970.46
2025-02-14,18344.37
2025-02-17,18302.76
2025-02-18,18050.79
2025-02-19,18456.53
2025-02-20,18682.5
2025-02-21,18578.94
2025-02-24,18355.02
2025-02-25,18273.12
2025-02-27,17967.56
2025-02-28,17517.56
2025-03-03,17405.4
2025-03-04,17605.54
2025-03-05,18082.51
2025-03-06,18351.06
2025-03-07,18477.12
2025-03-10,18125.65
2025-03-11,18007.8
2025-03-12,17959.29
2025-03-13,17835.56
2025-03-17,17893.88
2025-03-18,18369.54
2025-03-19,18735.68
2025-03-20,18882.37
2025-03-21,19287.23
2025-03-24,19477.16
2025-03-25,19214.05
2025-03-26,18942.67
2025-03-27,19122.0
2025-03-28,19112.41
2025-04-01,19018.8
2025-04-02,19208.24
2025-04-03,19342.03
2025-04-04,18703.06
2025-04-07,17956.13
2025-04-08,18346.1
2025-04-09,18152.89
2025-04-11,18710.42
2025-04-15,19282.56
2025-04-16,19464.74
2025-04-17,19552.91
2025-04-21,19932.22
2025-04-22,20091.92
2025-04-23,20149.01
2025-04-24,20138.96
2025-04-25,19644.06
2025-04-28,19749.07
2025-04-29,19790.29
2025-04-30,19436.17
2025-05-02,19429.72
2025-05-05,19649.84
2025-05-06,19210.92
2025-05-07,19440.81
2025-05-08,19210.37
2025-05-09,19084.76
2025-05-12,19848.82
2025-05-13,20014.88
2025-05-14,20296.89
2025-05-15,20451.2
2025-05-16,20765.02
2025-05-19,20905.61
2025-05-20,20718.1
2025-05-21,20804.76
2025-05-22,20803.94
2025-05-23,20926.24
2025-05-26,21035.24
2025-05-27,21059.67
2025-05-28,21146.36
2025-05-29,21239.0
2025-05-30,21308.95
2025-06-02,21461.78
2025-06-03,21485.06
2025-06-04,21598.48
2025-06-05,21741.65
2025-06-06,21884.14
2025-06-09,22174.62
2025-06-10,22211.51
2025-06-11,22192.04
2025-06-12,21874.89
2025-06-13,21792.49
2025-06-16,21901.28
2025-06-17,21750.61
2025-06-18,21707.92
2025-06-19,21289.6
2025-06-20,21421.19
2025-06-23,21589.11
2025-06-24,21756.79
2025-06-25,22105.71
2025-06-26,22162.56
2025-06-27,22342.93
2025-06-30,22539.86
2025-07-01,22494.94
2025-07-02,22407.63
2025-07-03,22489.9
2025-07-04,22497.36
2025-07-07,22451.92
2025-07-08,22399.3
2025-07-09,22523.01
2025-07-10,22508.01
2025-07-11,22352.01
2025-07-14,22558.94
2025-07-15,22741.86
2025-07-16,22781.78
2025-07-17,22843.59
2025-07-18,22692.65
2025-07-21,22668.52
2025-07-22,22591.28
2025-07-23,22622.28
2025-07-24,22474.98
2025-07-25,22028.83
2025-07-28,21754.29
2025-07-29,21952.49
2025-07-30,21930.88
2025-07-31,21734.93
2025-08-01,21383.66
2025-08-04,21594.29
2025-08-05,21526.53
2025-08-06,21268.92
2025-08-07,21254.06
2025-08-08,20989.35
2025-08-11,21086.56
2025-08-12,21092.11
2025-08-13,21228.36
2025-08-14,21142.3
2025-08-18,21424.25
2025-08-19,21586.78
2025-08-20,21660.44
2025-08-21,21677.19
2025-08-22,21644.61
2025-08-25,21657.97
2025-08-26,21256.13
2025-08-28,21023.49
2025-08-29,20956.89
2025-09-01,21252.36
2025-09-02,21379.44
2025-09-03,21559.37
2025-09-04,21416.04
2025-09-05,21466.31
2025-09-08,21506.53
2025-09-09,21563.16
2025-09-10,21707.88
2025-09-11,21706.21
2025-09-12,21777.45
2025-09-15,21916.48
2025-09-16,22079.03
2025-09-17,22191.9
2025-09-18,22206.38
2025-09-19,22237.55
2025-09-22,22034.45
2025-09-23,21920.59
2025-09-24,21800.98
2025-09-25,21656.8
2025-09-26,21192.48
2025-09-29,21170.94
2025-09-30,21204.77
2025-10-01,21429.13
2025-10-03,21614.49
2025-10-06,21633.35
2025-10-07,21657.08
2025-10-08,21539.86
2025-10-09,21604.94
2025-10-10,21738.49
2025-10-13,21675.4
2025-10-14,21485.24
2025-10-15,21661.3
2025-10-16,21744.16
2025-10-17,21692.76
2025-10-20,21808.19
2025-10-21,21959.74
2025-10-23,21907.48
2025-10-24,21875.87
2025-10-27,22018.46
2025-10-28,22039.07
2025-10-29,22137.15
2025-10-30,22121.86
2025-10-31,21998.15
2025-11-03,22151.94
2025-11-04,22007.04
2025-11-06,21678.33
2025-11-07,21627.94
2025-11-10,21626.99
2025-11-11,21597.51
2025-11-12,21757.89
2025-11-13,21671.57
2025-11-14,21714.05
2025-11-17,21862.49
2025-11-18,21639.88
2025-11-19,21549.14
2025-11-20,21528.95
2025-11-21,21261.29
2025-11-24,21124.13
2025-11-25,21146.48
2025-11-26,21396.16
2025-11-27,21320.16
2025-11-28,21272.59
2025-12-01,21320.85
2025-12-02,21226.62
2025-12-03,21132.81
2025-12-04,21082.57
2025-12-05,20970.69
2025-12-08,20494.05
2025-12-09,20702.08
2025-12-10,20555.05
2025-12-11,20673.75
2025-12-12,20846.02
2025-12-15,20920.53
2025-12-16,20758.78
2025-12-17,20609.32
2025-12-18,20585.79
2025-12-19,20860.45
2025-12-22,21061.3
2025-12-23,21149.42
2025-12-24,21161.84
2025-12-26,21122.77
2025-12-29,21010.36
2025-12-30,20967.51
2025-12-31,21212.7
2026-01-01,21191.27
2026-01-02,21353.78
2026-01-05,21414.31
2026-01-06,21348.39
2026-01-07,21379.54
2026-01-08,20963.88
2026-01-09,20608.4
2026-01-12,20471.0
2026-01-13,20603.04
2026-01-14,20702.67
2026-01-16,20605.64
2026-01-19,20372.66
2026-01-20,19827.41
2026-01-21,19680.99
2026-01-22,19859.02
2026-01-23,19472.58
2026-01-27,19511.91
2026-01-28,19885.77
2026-01-29,19875.29
2026-01-30,20045.46
2026-02-01,19610.07
2026-02-02,19719.72
2026-02-03,20298.91
2026-02-04,20456.03
2026-02-05,20246.49
2026-02-06,20177.52
2026-02-09,20692.02
2026-02-10,20796.39
2026-02-11,20823.64
2026-02-12,20671.56
2026-02-13,20340.44
2026-02-16,20331.37
2026-02-17,20483.05
2026-02-18,20586.86
2026-02-19,20341.55
2026-02-20,20306.87
2026-02-23,20394.88
2026-02-24,20274.13
2026-02-25,20404.86
2026-02-26,20419.85
2026-02-27,20208.09
2026-03-02,19825.52
2026-03-04,19405.87
2026-03-05,19679.65
2026-03-06,19624.68
2026-03-09,19168.18
2026-03-10,19578.45
2026-03-11,19502.98
